instance_id,flow_mean,flow_p95,queue_mean,queue_p95,makespan,weighted_tardiness,runtime_sec,replan_count,solver_status,method_name,scale_code,regime_code,replicate,fifo_flow_mean,fifo_flow_p95,fifo_makespan,fifo_weighted_tardiness,delta_vs_fifo_mean_flow_pct,delta_vs_fifo_p95_flow_pct,delta_vs_fifo_makespan_pct,delta_vs_fifo_weighted_tardiness,family_id,protocol_role,protocol_fold,fifo_deviation_budget,fifo_inversion_count,fifo_inversion_rate,fifo_hard_justified_inversion_count,fifo_non_hard_override_count,fifo_unjustified_override_count,fifo_violation_rate_justified_by_hard_constraints,fifo_mean_abs_position_deviation,fifo_max_position_delay,fifo_compared_job_count,fifo_compared_pair_count,flow_p95_norm,flow_mean_norm,makespan_norm,weighted_tardiness_norm,utility,regret,best_method,best_utility,difficulty,footprint_member
GO_L_BALANCED_01,52.986111111111114,68.45,4.597222222222222,17.900000000000006,670.0,0.0,0.0,1,official_release,M0_FIFO_OFFICIAL,L,balanced,1,52.986111111111114,68.45,670.0,0.0,0.0,0.0,0.0,0.0,L__balanced,calibration,R01,0,0,0.0,0,0,0,0.0,0.0,0,72,2556,0.0,0.0,0.0,0.0,0.0,0.0,M0_FIFO_OFFICIAL,0.0,easy,True
GO_L_BALANCED_01,378.4583333333333,775.1500000000001,329.625,727.6000000000001,961.0,9903.75,0.4046613009995781,1,heuristic_feasible,M1_WEIGHTED_SLACK,L,balanced,1,52.986111111111114,68.45,670.0,0.0,6.142595019659239,10.324324324324325,0.4343283582089552,9903.75,L__balanced,calibration,R01,1471,1471,0.5755086071987481,0,1471,1471,0.0,27.63888888888889,65,72,2556,0.9145852206548466,0.747615249641091,0.7929155313351499,0.5504300343193786,0.799968996553133,0.799968996553133,M0_FIFO_OFFICIAL,0.0,easy,False
GO_L_BALANCED_01,281.6388888888889,582.0500000000001,232.70833333333334,526.6,874.0,4781.25,0.4280086950002442,1,heuristic_feasible,M1_SPT,L,balanced,1,52.986111111111114,68.45,670.0,0.0,4.315334207077327,7.503287070854639,0.3044776119402985,4781.25,L__balanced,calibration,R01,943,943,0.3689358372456964,0,943,943,0.0,18.75,70,72,2556,0.6646822829041025,0.5252193332269901,0.555858310626703,0.2657320309569132,0.5536504118511361,0.5536504118511361,M0_FIFO_OFFICIAL,0.0,easy,False
GO_L_BALANCED_01,83.73611111111111,143.0,35.06944444444444,96.9,701.0,0.0,0.41257367999969574,1,heuristic_feasible,M1_EDD,L,balanced,1,52.986111111111114,68.45,670.0,0.0,0.5803407601572739,1.0891161431701972,0.04626865671641791,0.0,L__balanced,calibration,R01,102,102,0.03990610328638498,0,102,102,0.0,2.25,10,72,2556,0.09647987576032094,0.07063327484447281,0.08446866485013624,0.0,0.07374456253078307,0.07374456253078307,M0_FIFO_OFFICIAL,0.0,easy,True
GO_L_BALANCED_01,475.7083333333333,841.1500000000001,426.65277777777777,793.2500000000001,1036.0,16613.75,0.3075532370003202,1,heuristic_feasible,M1_CR,L,balanced,1,52.986111111111114,68.45,670.0,0.0,7.977981651376146,11.288531775018262,0.5462686567164179,16613.75,L__balanced,calibration,R01,1558,1558,0.6095461658841941,0,1558,1558,0.0,28.63888888888889,63,72,2556,1.0,0.9710001595150741,0.997275204359673,0.9233580192021786,0.9808450234130462,0.9808450234130462,M0_FIFO_OFFICIAL,0.0,easy,False
GO_L_BALANCED_01,340.0833333333333,615.85,290.9166666666667,561.95,917.0,6655.75,0.4596188160003294,1,heuristic_feasible,M1_WSPT,L,balanced,1,52.986111111111114,68.45,670.0,0.0,5.41834862385321,7.997078159240321,0.3686567164179104,6655.75,L__balanced,calibration,R01,1063,1063,0.41588419405320814,0,1063,1063,0.0,20.166666666666668,70,72,2556,0.7084250032354082,0.6594672196522571,0.6730245231607629,0.36991288157730196,0.6400986670797078,0.6400986670797078,M0_FIFO_OFFICIAL,0.0,easy,False
GO_L_BALANCED_01,488.3333333333333,775.8,439.40277777777777,730.0500000000001,1037.0,17992.75,0.48819162199924904,1,heuristic_feasible,M1_MWKR,L,balanced,1,52.986111111111114,68.45,670.0,0.0,8.216251638269986,10.333820306793278,0.5477611940298508,17992.75,L__balanced,calibration,R01,1404,1404,0.5492957746478874,0,1404,1404,0.0,26.333333333333332,62,72,2556,0.9154264268150639,1.0,1.0,1.0,0.9619418920667788,0.9619418920667788,M0_FIFO_OFFICIAL,0.0,easy,False
GO_L_BALANCED_01,339.47222222222223,714.0,290.4861111111111,667.35,918.0,7651.5,0.23815879100038728,1,heuristic_feasible,M1_ATC_CANONICAL,L,balanced,1,52.986111111111114,68.45,670.0,0.0,5.406815203145477,9.430971512052592,0.3701492537313433,7651.5,L__balanced,calibration,R01,1355,1355,0.5301251956181534,0,1355,1355,0.0,25.52777777777778,69,72,2556,0.8354471334282385,0.6580634869995214,0.6757493188010899,0.4252546164427339,0.7056176720791612,0.7056176720791612,M0_FIFO_OFFICIAL,0.0,easy,False
GO_L_BALANCED_01,175.36111111111111,243.9,7.861111111111111,20.35000000000001,788.0,0.0,8.901938087999952,53,heuristic_online_replay,M2_PERIODIC_15,L,balanced,1,52.986111111111114,68.45,670.0,0.0,2.30956749672346,2.5631848064280494,0.1761194029850746,0.0,L__balanced,calibration,R01,202,202,0.07902973395931143,0,202,202,0.0,4.472222222222222,12,72,2556,0.22706095509253266,0.2810974637103207,0.3215258855585831,0.0,0.22068067855300733,0.22068067855300733,M0_FIFO_OFFICIAL,0.0,easy,False
GO_L_BALANCED_01,194.13888888888889,281.6,14.38888888888889,38.45,815.0,0.0,4.380466470999636,27,heuristic_online_replay,M2_PERIODIC_30,L,balanced,1,52.986111111111114,68.45,670.0,0.0,2.6639580602883353,3.1139517896274658,0.21641791044776118,0.0,L__balanced,calibration,R01,200,200,0.0782472613458529,0,200,200,0.0,4.416666666666667,10,72,2556,0.27585091238514303,0.324230339767108,0.39509536784741145,0.0,0.2644548006922031,0.2644548006922031,M0_FIFO_OFFICIAL,0.0,easy,False
GO_L_BALANCED_01,59.263888888888886,80.0,3.9305555555555554,16.250000000000014,671.0,0.0,8.182787315000496,107,heuristic_online_replay,M3_EVENT_REACTIVE,L,balanced,1,52.986111111111114,68.45,670.0,0.0,0.11847968545216239,0.16873630387143895,0.0014925373134328358,0.0,L__balanced,calibration,R01,12,12,0.004694835680751174,1,11,11,0.08333333333333333,0.2777777777777778,6,72,2556,0.014947586385401833,0.014420162705375645,0.0027247956403269754,0.0,0.010740173895823782,0.010740173895823782,M0_FIFO_OFFICIAL,0.0,easy,True
GO_L_BALANCED_01,65.68055555555556,99.9,4.652777777777778,19.0,672.0,0.0,8.213551494000058,107,heuristic_online_replay,M5_ATC_EVENT,L,balanced,1,52.986111111111114,68.45,670.0,0.0,0.23958060288335514,0.4594594594594595,0.0029850746268656717,0.0,L__balanced,calibration,R01,17,17,0.006651017214397496,1,16,16,0.058823529411764705,0.4166666666666667,6,72,2556,0.040701436521288985,0.029159355559100333,0.005449591280653951,0.0,0.02642292401645322,0.02642292401645322,M0_FIFO_OFFICIAL,0.0,easy,True
GO_L_BALANCED_01,59.263888888888886,80.0,3.9305555555555554,16.250000000000014,671.0,0.0,8.067905729999438,107,heuristic_online_replay,M6_FIFO_PRIORITY_EVENT,L,balanced,1,52.986111111111114,68.45,670.0,0.0,0.11847968545216239,0.16873630387143895,0.0014925373134328358,0.0,L__balanced,calibration,R01,12,12,0.004694835680751174,1,11,11,0.08333333333333333,0.2777777777777778,6,72,2556,0.014947586385401833,0.014420162705375645,0.0027247956403269754,0.0,0.010740173895823782,0.010740173895823782,M0_FIFO_OFFICIAL,0.0,easy,True
GO_L_BALANCED_01,71.15277777777777,112.80000000000001,22.458333333333332,67.50000000000003,670.0,0.0,11.496261988999322,64,m5_seeded_local_search,M7_REPAIR_LS,L,balanced,1,52.986111111111114,68.45,670.0,0.0,0.34285714285714264,0.6479181884587291,0.0,0.0,L__balanced,calibration,R01,21,21,0.008215962441314555,0,21,21,0.0,0.5555555555555556,6,72,2556,0.05739614339329624,0.04172914340405166,0.0,0.0,0.03626055037799622,0.03626055037799622,M0_FIFO_OFFICIAL,0.0,easy,True
GO_L_BALANCED_01,151.30555555555554,268.0,102.13888888888889,220.0,742.0,89.25,2.911321919000329,64,metaheuristic_workers_4,M4_METAHEURISTIC_L,L,balanced,1,52.986111111111114,68.45,670.0,0.0,1.8555701179554387,2.9152666179693205,0.10746268656716418,89.25,L__balanced,calibration,R01,410,410,0.16040688575899845,0,410,410,0.0,8.972222222222221,21,72,2556,0.25825029118674775,0.22584144201627052,0.19618528610354224,0.004960331244529046,0.2028448341403148,0.2028448341403148,M0_FIFO_OFFICIAL,0.0,easy,False
GO_L_BALANCED_02,58.69444444444444,87.35000000000001,8.958333333333334,35.45,681.0,0.0,0.0,1,official_release,M0_FIFO_OFFICIAL,L,balanced,2,58.69444444444444,87.35000000000001,681.0,0.0,0.0,0.0,0.0,0.0,L__balanced,test,R02_R03,0,0,0.0,0,0,0,0.0,0.0,0,72,2556,0.0,0.0,0.0,0.0,0.0,0.0,M0_FIFO_OFFICIAL,0.0,easy,True
GO_L_BALANCED_02,423.31944444444446,814.0500000000001,372.55555555555554,765.1,1024.0,12735.5,0.33065092800006823,1,heuristic_feasible,M1_WEIGHTED_SLACK,L,balanced,2,58.69444444444444,87.35000000000001,681.0,0.0,6.212257453857076,8.319404693760733,0.5036710719530103,12735.5,L__balanced,test,R02_R03,1389,1389,0.5434272300469484,0,1389,1389,0.0,26.805555555555557,61,72,2556,1.0,1.0,1.0,1.0,1.0,1.0,M0_FIFO_OFFICIAL,0.0,easy,False
GO_L_BALANCED_02,402.9583333333333,722.35,352.5416666666667,667.4000000000001,991.0,12222.75,0.4975464489998558,1,heuristic_feasible,M1_SPT,L,balanced,2,58.69444444444444,87.35000000000001,681.0,0.0,5.865357311878845,7.269605037206639,0.4552129221732746,12222.75,L__balanced,test,R02_R03,1289,1289,0.5043035993740219,0,1289,1289,0.0,24.055555555555557,60,72,2556,0.8738131278381726,0.94415876280806,0.9037900874635568,0.9597385261670135,0.9087848902737782,0.9087848902737782,M0_FIFO_OFFICIAL,0.0,easy,False
GO_L_BALANCED_02,88.19444444444444,137.0,38.5,86.70000000000002,681.0,0.0,0.37345505300072546,1,heuristic_feasible,M1_EDD,L,balanced,2,58.69444444444444,87.35000000000001,681.0,0.0,0.5026029342167534,0.5684029765311962,0.0,0.0,L__balanced,test,R02_R03,105,105,0.04107981220657277,0,105,105,0.0,2.25,9,72,2556,0.06832255401128387,0.08090503942406582,0.0,0.0,0.0509714091610942,0.0509714091610942,M0_FIFO_OFFICIAL,0.0,easy,True
GO_L_BALANCED_02,383.80555555555554,762.95,333.3333333333333,716.1500000000001,937.0,9919.5,0.3111719680000533,1,heuristic_feasible,M1_CR,L,balanced,2,58.69444444444444,87.35000000000001,681.0,0.0,5.539044013251301,7.734401831711505,0.37591776798825255,9919.5,L__balanced,test,R02_R03,1293,1293,0.505868544600939,0,1293,1293,0.0,23.61111111111111,62,72,2556,0.9296821246731801,0.8916314325981792,0.7463556851311953,0.778885791684661,0.8700510357748543,0.8700510357748543,M0_FIFO_OFFICIAL,0.0,easy,False
GO_L_BALANCED_02,388.5,705.25,337.72222222222223,654.15,966.0,10552.5,0.3865486269996836,1,heuristic_feasible,M1_WSPT,L,balanced,2,58.69444444444444,87.35000000000001,681.0,0.0,5.6190250828206345,7.0738408700629645,0.4185022026431718,10552.5,L__balanced,test,R02_R03,1253,1253,0.4902190923317684,0,1253,1253,0.0,24.11111111111111,61,72,2556,0.8502820971515067,0.9045061516779035,0.8309037900874635,0.8285893761532723,0.8576774565737643,0.8576774565737643,M0_FIFO_OFFICIAL,0.0,easy,False
GO_L_BALANCED_02,357.0833333333333,675.1500000000001,307.0,627.9000000000001,926.0,8962.5,0.571309339000436,1,heuristic_feasible,M1_MWKR,L,balanced,2,58.69444444444444,87.35000000000001,681.0,0.0,5.083767155702792,6.729250143102462,0.35976505139500736,8962.5,L__balanced,test,R02_R03,1052,1052,0.41158059467918623,0,1052,1052,0.0,20.305555555555557,65,72,2556,0.8088619788083116,0.8183445701443643,0.7142857142857143,0.703741509952495,0.7812781166355626,0.7812781166355626,M0_FIFO_OFFICIAL,0.0,easy,False
GO_L_BALANCED_02,390.77777777777777,730.6,339.6111111111111,676.15,946.0,10646.75,0.24175108800045564,1,heuristic_feasible,M1_ATC_CANONICAL,L,balanced,2,58.69444444444444,87.35000000000001,681.0,0.0,5.657832465688594,7.364052661705781,0.3891336270190896,10646.75,L__balanced,test,R02_R03,1394,1394,0.5453834115805947,0,1394,1394,0.0,26.27777777777778,61,72,2556,0.8851658180817393,0.9107530567935093,0.7725947521865889,0.8359899493541675,0.8673005875662736,0.8673005875662736,M0_FIFO_OFFICIAL,0.0,easy,False
GO_L_BALANCED_02,164.94444444444446,220.0,7.611111111111111,20.450000000000003,743.0,0.0,9.916006305000337,50,heuristic_online_replay,M2_PERIODIC_15,L,balanced,2,58.69444444444444,87.35000000000001,681.0,0.0,1.810222432560341,1.5186033199771032,0.09104258443465492,0.0,L__balanced,test,R02_R03,151,151,0.059076682316118935,0,151,151,0.0,3.1944444444444446,9,72,2556,0.18253749827989538,0.2913952691121015,0.18075801749271136,0.0,0.182104394127885,0.182104394127885,M0_FIFO_OFFICIAL,0.0,easy,False
GO_L_BALANCED_02,179.31944444444446,244.9,16.73611111111111,38.15000000000002,773.0,0.0,4.532820015000652,26,heuristic_online_replay,M2_PERIODIC_30,L,balanced,2,58.69444444444444,87.35000000000001,681.0,0.0,2.055134879318505,1.8036634230108757,0.13509544787077826,0.0,L__balanced,test,R02_R03,153,153,0.05985915492957746,0,153,153,0.0,3.2222222222222223,9,72,2556,0.2168019815604789,0.3308193349331505,0.26822157434402333,0.0,0.22049896158710663,0.22049896158710663,M0_FIFO_OFFICIAL,0.0,easy,False
GO_L_BALANCED_02,70.08333333333333,123.80000000000001,5.5,15.900000000000006,682.0,0.0,9.14957905600022,110,heuristic_online_replay,M3_EVENT_REACTIVE,L,balanced,2,58.69444444444444,87.35000000000001,681.0,0.0,0.1940369143398012,0.41728677733257014,0.0014684287812041115,0.0,L__balanced,test,R02_R03,14,14,0.005477308294209703,0,14,14,0.0,0.3611111111111111,4,72,2556,0.05015824962157699,0.03123452557802917,0.0029154518950437317,0.0,0.0308171615084735,0.0308171615084735,M0_FIFO_OFFICIAL,0.0,easy,True
GO_L_BALANCED_02,64.01388888888889,100.9,4.111111111111111,16.450000000000003,682.0,0.0,8.934772460000204,110,heuristic_online_replay,M5_ATC_EVENT,L,balanced,2,58.69444444444444,87.35000000000001,681.0,0.0,0.09062943681968762,0.15512306811677157,0.0014684287812041115,0.0,L__balanced,test,R02_R03,18,18,0.007042253521126761,0,18,18,0.0,0.4444444444444444,6,72,2556,0.0186459336727673,0.014588808898030697,0.0029154518950437317,0.0,0.01247519016150952,0.01247519016150952,M0_FIFO_OFFICIAL,0.0,easy,True
GO_L_BALANCED_02,70.08333333333333,123.80000000000001,5.5,15.900000000000006,682.0,0.0,8.918838067999786,110,heuristic_online_replay,M6_FIFO_PRIORITY_EVENT,L,balanced,2,58.69444444444444,87.35000000000001,681.0,0.0,0.1940369143398012,0.41728677733257014,0.0014684287812041115,0.0,L__balanced,test,R02_R03,14,14,0.005477308294209703,0,14,14,0.0,0.3611111111111111,4,72,2556,0.05015824962157699,0.03123452557802917,0.0029154518950437317,0.0,0.0308171615084735,0.0308171615084735,M0_FIFO_OFFICIAL,0.0,easy,True
GO_L_BALANCED_02,66.70833333333333,96.80000000000001,17.11111111111111,46.050000000000026,681.0,0.0,12.233247451998977,64,m5_seeded_local_search,M7_REPAIR_LS,L,balanced,2,58.69444444444444,87.35000000000001,681.0,0.0,0.13653573118788448,0.10818546078992561,0.0,0.0,L__balanced,test,R02_R03,16,16,0.006259780907668232,0,16,16,0.0,0.4166666666666667,5,72,2556,0.013003990642631075,0.02197844055917418,0.0,0.0,0.011346405928977529,0.011346405928977529,M0_FIFO_OFFICIAL,0.0,easy,True
GO_L_BALANCED_02,140.15277777777777,264.45,90.31944444444444,211.45,756.0,73.5,2.9408448100002715,64,metaheuristic_workers_4,M4_METAHEURISTIC_L,L,balanced,2,58.69444444444444,87.35000000000001,681.0,0.0,1.3878371982962612,2.0274756725815677,0.11013215859030837,73.5,L__balanced,test,R02_R03,403,403,0.15766823161189358,0,403,403,0.0,9.11111111111111,21,72,2556,0.24370441722856742,0.22340303965261113,0.21865889212827988,0.0057712692866397075,0.19918227187824605,0.19918227187824605,M0_FIFO_OFFICIAL,0.0,easy,False
GO_L_BALANCED_03,50.44444444444444,57.0,1.4722222222222223,7.900000000000006,655.0,0.0,0.0,1,official_release,M0_FIFO_OFFICIAL,L,balanced,3,50.44444444444444,57.0,655.0,0.0,0.0,0.0,0.0,0.0,L__balanced,test,R02_R03,0,0,0.0,0,0,0,0.0,0.0,0,72,2556,0.0,0.0,0.0,0.0,0.0,0.0,M0_FIFO_OFFICIAL,0.0,easy,True
GO_L_BALANCED_03,366.3888888888889,742.15,316.47222222222223,696.6,950.0,8986.5,0.30429710799944587,1,heuristic_feasible,M1_WEIGHTED_SLACK,L,balanced,3,50.44444444444444,57.0,655.0,0.0,6.263215859030837,12.02017543859649,0.45038167938931295,8986.5,L__balanced,test,R02_R03,1418,1418,0.554773082942097,0,1418,1418,0.0,25.444444444444443,69,72,2556,0.9449041511515651,0.7666228557948304,0.8082191780821918,0.5736674114267475,0.8241455703932528,0.8241455703932528,M0_FIFO_OFFICIAL,0.0,easy,False
GO_L_BALANCED_03,389.80555555555554,700.35,339.3888888888889,650.9000000000001,987.0,10600.25,0.45083967600021424,1,heuristic_feasible,M1_SPT,L,balanced,3,50.44444444444444,57.0,655.0,0.0,6.727422907488987,11.286842105263158,0.5068702290076336,10600.25,L__balanced,test,R02_R03,1144,1144,0.4475743348982786,0,1144,1144,0.0,22.194444444444443,68,72,2556,0.8872569300786097,0.8234421864995113,0.9095890410958904,0.6766836897542292,0.8430670747877702,0.8430670747877702,M0_FIFO_OFFICIAL,0.0,easy,False
GO_L_BALANCED_03,66.125,100.0,17.01388888888889,47.0,656.0,0.0,0.3244248149994746,1,heuristic_feasible,M1_EDD,L,balanced,3,50.44444444444444,57.0,655.0,0.0,0.3108480176211454,0.7543859649122807,0.0015267175572519084,0.0,L__balanced,test,R02_R03,63,63,0.02464788732394366,0,63,63,0.0,1.4722222222222223,5,72,2556,0.05930216521859053,0.03804805715633741,0.0027397260273972603,0.0,0.03660894754155968,0.03660894754155968,M0_FIFO_OFFICIAL,0.0,easy,True
GO_L_BALANCED_03,433.625,739.45,383.375,685.45,983.0,12916.0,0.34884001499995065,1,heuristic_feasible,M1_CR,L,balanced,3,50.44444444444444,57.0,655.0,0.0,7.596090308370044,11.972807017543861,0.500763358778626,12916.0,L__balanced,test,R02_R03,1310,1310,0.5125195618153364,0,1310,1310,0.0,24.36111111111111,55,72,2556,0.9411805268238862,0.9297678023792674,0.8986301369863013,0.8245132460900095,0.9144446951270122,0.9144446951270122,M0_FIFO_OFFICIAL,0.0,easy,False
GO_L_BALANCED_03,364.8611111111111,673.15,314.8333333333333,624.7,978.0,8891.0,0.45077331399988907,1,heuristic_feasible,M1_WSPT,L,balanced,3,50.44444444444444,57.0,655.0,0.0,6.232929515418502,10.809649122807016,0.49312977099236643,8891.0,L__balanced,test,R02_R03,1065,1065,0.4166666666666667,0,1065,1065,0.0,21.194444444444443,68,72,2556,0.8497448627775477,0.7629157820240622,0.8849315068493151,0.5675710181934248,0.790989512512323,0.790989512512323,M0_FIFO_OFFICIAL,0.0,easy,False
GO_L_BALANCED_03,462.56944444444446,782.1000000000001,412.47222222222223,733.8500000000001,1020.0,15665.0,0.3358552440004132,1,heuristic_feasible,M1_MWKR,L,balanced,3,50.44444444444444,57.0,655.0,0.0,8.169878854625551,12.72105263157895,0.5572519083969466,15665.0,L__balanced,test,R02_R03,1149,1149,0.4495305164319249,0,1149,1149,0.0,22.13888888888889,57,72,2556,1.0,1.0,1.0,1.0,1.0,1.0,M0_FIFO_OFFICIAL,0.0,easy,False
GO_L_BALANCED_03,383.5416666666667,768.2,333.875,716.9000000000001,1000.0,10477.5,0.24214276600014273,1,heuristic_feasible,M1_ATC_CANONICAL,L,balanced,3,50.44444444444444,57.0,655.0,0.0,6.603248898678414,12.477192982456142,0.5267175572519084,10477.5,L__balanced,test,R02_R03,1391,1391,0.5442097026604069,0,1391,1391,0.0,26.36111111111111,69,72,2556,0.9808302303130602,0.8082431840393624,0.9452054794520548,0.6688477497606128,0.8855423840326179,0.8855423840326179,M0_FIFO_OFFICIAL,0.0,easy,False
GO_L_BALANCED_03,164.88888888888889,229.25,7.361111111111111,22.450000000000003,765.0,0.0,9.821535578999828,51,heuristic_online_replay,M2_PERIODIC_15,L,balanced,3,50.44444444444444,57.0,655.0,0.0,2.2687224669603525,3.0219298245614037,0.16793893129770993,0.0,L__balanced,test,R02_R03,105,105,0.04107981220657277,0,105,105,0.0,2.4166666666666665,6,72,2556,0.23755344090470276,0.27769352610116943,0.3013698630136986,0.0,0.22152790938446337,0.22152790938446337,M0_FIFO_OFFICIAL,0.0,easy,False
GO_L_BALANCED_03,167.125,229.0,14.847222222222221,38.900000000000006,777.0,0.0,4.263705364999623,26,heuristic_online_replay,M2_PERIODIC_30,L,balanced,3,50.44444444444444,57.0,655.0,0.0,2.3130506607929515,3.017543859649123,0.18625954198473282,0.0,L__balanced,test,R02_R03,114,114,0.04460093896713615,0,114,114,0.0,2.5555555555555554,6,72,2556,0.23720866087436213,0.2831193340747481,0.33424657534246577,0.0,0.22766071721351985,0.22766071721351985,M0_FIFO_OFFICIAL,0.0,easy,False
GO_L_BALANCED_03,54.111111111111114,71.35000000000001,2.3472222222222223,9.0,659.0,0.0,8.702779514999747,110,heuristic_online_replay,M3_EVENT_REACTIVE,L,balanced,3,50.44444444444444,57.0,655.0,0.0,0.07268722466960362,0.25175438596491245,0.0061068702290076335,0.0,L__balanced,test,R02_R03,1,1,0.0003912363067292645,0,1,1,0.0,0.027777777777777776,1,72,2556,0.0197903737415529,0.008896977049843303,0.010958904109589041,0.0,0.012773748062597987,0.012773748062597987,M0_FIFO_OFFICIAL,0.0,easy,True
GO_L_BALANCED_03,54.02777777777778,67.80000000000001,1.8333333333333333,7.450000000000003,655.0,0.0,8.390241884000716,110,heuristic_online_replay,M5_ATC_EVENT,L,balanced,3,50.44444444444444,57.0,655.0,0.0,0.07103524229074895,0.18947368421052652,0.0,0.0,L__balanced,test,R02_R03,3,3,0.0011737089201877935,0,3,3,0.0,0.08333333333333333,2,72,2556,0.014894497310715776,0.008694773025983224,0.0,0.0,0.008876217046317905,0.008876217046317905,M0_FIFO_OFFICIAL,0.0,easy,True
GO_L_BALANCED_03,54.111111111111114,71.35000000000001,2.3472222222222223,9.0,659.0,0.0,8.397949786999561,110,heuristic_online_replay,M6_FIFO_PRIORITY_EVENT,L,balanced,3,50.44444444444444,57.0,655.0,0.0,0.07268722466960362,0.25175438596491245,0.0061068702290076335,0.0,L__balanced,test,R02_R03,1,1,0.0003912363067292645,0,1,1,0.0,0.027777777777777776,1,72,2556,0.0197903737415529,0.008896977049843303,0.010958904109589041,0.0,0.012773748062597987,0.012773748062597987,M0_FIFO_OFFICIAL,0.0,easy,True
GO_L_BALANCED_03,56.72222222222222,71.45,7.652777777777778,21.0,655.0,0.0,11.663211715000216,63,m5_seeded_local_search,M7_REPAIR_LS,L,balanced,3,50.44444444444444,57.0,655.0,0.0,0.12444933920704848,0.25350877192982463,0.0,0.0,L__balanced,test,R02_R03,1,1,0.0003912363067292645,0,1,1,0.0,0.027777777777777776,1,72,2556,0.019928285753689146,0.015232703130792304,0.0,0.0,0.012775904371858191,0.012775904371858191,M0_FIFO_OFFICIAL,0.0,easy,True
GO_L_BALANCED_03,142.11111111111111,267.45,92.38888888888889,223.45,699.0,0.0,2.911195126000166,63,metaheuristic_workers_4,M4_METAHEURISTIC_L,L,balanced,3,50.44444444444444,57.0,655.0,0.0,1.8171806167400884,3.6921052631578943,0.06717557251908397,0.0,L__balanced,test,R02_R03,401,401,0.15688575899843504,0,401,401,0.0,8.63888888888889,18,72,2556,0.29023582954075294,0.2224244262460823,0.12054794520547946,0.0,0.2042944216356813,0.2042944216356813,M0_FIFO_OFFICIAL,0.0,easy,False
GO_L_DISRUPTED_01,101.03125,148.25,45.895833333333336,95.5,617.0,0.0,0.0,1,official_release,M0_FIFO_OFFICIAL,L,disrupted,1,101.03125,148.25,617.0,0.0,0.0,0.0,0.0,0.0,L__disrupted,calibration,R01,0,0,0.0,0,0,0,0.0,0.0,0,96,4560,0.0,0.0,0.0,0.0,0.0,0.0,M0_FIFO_OFFICIAL,0.0,easy,True
GO_L_DISRUPTED_01,551.3958333333334,1028.5,496.6875,973.5,1171.0,27079.75,0.42322854499980167,1,heuristic_feasible,M1_WEIGHTED_SLACK,L,disrupted,1,101.03125,148.25,617.0,0.0,4.457676049077225,5.937605396290051,0.8978930307941653,27079.75,L__disrupted,calibration,R01,2416,2416,0.5298245614035088,9,2407,2407,0.0037251655629139072,33.104166666666664,91,96,4560,1.0,0.9074023548177221,1.0,0.7492546811557111,0.9392387908777872,0.9392387908777872,M0_FIFO_OFFICIAL,0.0,easy,False
GO_L_DISRUPTED_01,572.9583333333334,910.5,517.8541666666666,852.0,1146.0,32919.25,0.5313450860003286,1,heuristic_feasible,M1_SPT,L,disrupted,1,101.03125,148.25,617.0,0.0,4.671100113413754,5.141652613827993,0.8573743922204214,32919.25,L__disrupted,calibration,R01,2116,2116,0.46403508771929824,0,2116,2116,0.0,32.583333333333336,70,96,4560,0.8659471740982675,0.9508468528973494,0.9548736462093863,0.9108245889506049,0.9072426768425564,0.9072426768425564,M0_FIFO_OFFICIAL,0.0,easy,False
GO_L_DISRUPTED_01,256.9791666666667,361.25,201.8125,305.25,829.0,512.5,0.4085792780006159,1,heuristic_feasible,M1_EDD,L,disrupted,1,101.03125,148.25,617.0,0.0,1.5435611918754513,1.436762225969646,0.34359805510534847,512.5,L__disrupted,calibration,R01,409,409,0.08969298245614035,0,409,409,0.0,6.104166666666667,18,96,4560,0.24197671116160183,0.3142065607488405,0.38267148014440433,0.014180080100159786,0.24696889424661556,0.24696889424661556,M0_FIFO_OFFICIAL,0.0,easy,False
GO_L_DISRUPTED_01,597.3541666666666,1010.0,542.5208333333334,958.75,1152.0,32053.25,0.4396182860000408,1,heuristic_feasible,M1_CR,L,disrupted,1,101.03125,148.25,617.0,0.0,4.912568306010929,5.812816188870152,0.86709886547812,32053.25,L__disrupted,calibration,R01,2346,2346,0.5144736842105263,13,2333,2333,0.005541346973572037,32.8125,85,96,4560,0.9789832433967622,1.0,0.9657039711191335,0.8868637121374568,0.9684276120170314,0.9684276120170314,M0_FIFO_OFFICIAL,0.0,easy,False
GO_L_DISRUPTED_01,488.15625,870.25,433.1458333333333,815.75,1093.0,21560.5,0.5919758660002117,1,heuristic_feasible,M1_WSPT,L,disrupted,1,101.03125,148.25,617.0,0.0,3.8317352304361276,4.870151770657673,0.7714748784440842,21560.5,L__disrupted,calibration,R01,2220,2220,0.4868421052631579,0,2220,2220,0.0,32.041666666666664,76,96,4560,0.8202215279750071,0.7799861481310472,0.8592057761732852,0.5965455941453562,0.7824589301693111,0.7824589301693111,M0_FIFO_OFFICIAL,0.0,easy,False
GO_L_DISRUPTED_01,590.4895833333334,918.75,535.71875,869.5,1138.0,36142.25,0.48991583099996205,1,heuristic_feasible,M1_MWKR,L,disrupted,1,101.03125,148.25,617.0,0.0,4.844623157026498,5.197301854974705,0.8444084278768234,36142.25,L__disrupted,calibration,R01,2173,2173,0.47653508771929826,2,2171,2171,0.0009203865623561896,31.791666666666668,75,96,4560,0.875319511502414,0.9861691187273072,0.9404332129963899,1.0,0.9315010418073716,0.9315010418073716,M0_FIFO_OFFICIAL,0.0,easy,False
GO_L_DISRUPTED_01,518.4375,990.25,463.625,932.5,1128.0,24506.25,0.32189713299976574,1,heuristic_feasible,M1_ATC_CANONICAL,L,disrupted,1,101.03125,148.25,617.0,0.0,4.131456851221776,5.679595278246206,0.8282009724473258,24506.25,L__disrupted,calibration,R01,2404,2404,0.5271929824561403,0,2404,2404,0.0,33.708333333333336,90,96,4560,0.9565464356716842,0.8409973345646107,0.9223826714801444,0.678049927716177,0.8807601195728587,0.8807601195728587,M0_FIFO_OFFICIAL,0.0,easy,False
GO_L_DISRUPTED_01,287.8854166666667,409.75,9.427083333333334,22.5,917.0,3364.75,16.187713004000216,61,heuristic_online_replay,M2_PERIODIC_15,L,disrupted,1,101.03125,148.25,617.0,0.0,1.849469017424477,1.7639123102866778,0.4862236628849271,3364.75,L__disrupted,calibration,R01,500,500,0.10964912280701754,0,500,500,0.0,8.041666666666666,19,96,4560,0.2970746946890088,0.37647700799630623,0.5415162454873647,0.09309741369173198,0.32299491348599507,0.32299491348599507,M0_FIFO_OFFICIAL,0.0,easy,False
GO_L_DISRUPTED_01,303.3333333333333,431.75,17.895833333333332,45.0,930.0,4697.25,7.699831335000454,31,heuristic_online_replay,M2_PERIODIC_30,L,disrupted,1,101.03125,148.25,617.0,0.0,2.002371378492628,1.912310286677909,0.5072933549432739,4697.25,L__disrupted,calibration,R01,482,482,0.10570175438596491,0,482,482,0.0,7.791666666666667,20,96,4560,0.3220675944333996,0.4076017377799232,0.5649819494584838,0.12996562195214742,0.35107298765160533,0.35107298765160533,M0_FIFO_OFFICIAL,0.0,easy,False
GO_L_DISRUPTED_01,171.125,284.0,24.447916666666668,122.25,735.0,12.25,13.502712157000133,125,heuristic_online_replay,M3_EVENT_REACTIVE,L,disrupted,1,101.03125,148.25,617.0,0.0,0.6937828642128054,0.9156829679595279,0.1912479740680713,12.25,L__disrupted,calibration,R01,301,301,0.06600877192982456,0,301,301,0.0,4.979166666666667,16,96,4560,0.15421755183186595,0.14122610027913615,0.21299638989169675,0.0003389384999550388,0.1367047226528715,0.1367047226528715,M0_FIFO_OFFICIAL,0.0,easy,True
GO_L_DISRUPTED_01,150.11458333333334,238.75,17.489583333333332,80.75,684.0,0.0,13.060392191999199,125,heuristic_online_replay,M5_ATC_EVENT,L,disrupted,1,101.03125,148.25,617.0,0.0,0.48582328075059295,0.6104553119730185,0.1085899513776337,0.0,L__disrupted,calibration,R01,315,315,0.06907894736842106,0,315,315,0.0,4.854166666666667,18,96,4560,0.10281170122124396,0.09889394925178922,0.12093862815884476,0.0,0.08912954708633379,0.08912954708633379,M0_FIFO_OFFICIAL,0.0,easy,True
GO_L_DISRUPTED_01,163.71875,317.0,19.5,84.5,706.0,224.0,13.263826928000526,125,heuristic_online_replay,M6_FIFO_PRIORITY_EVENT,L,disrupted,1,101.03125,148.25,617.0,0.0,0.6204763377667801,1.1382799325463744,0.14424635332252836,224.0,L__disrupted,calibration,R01,298,298,0.06535087719298245,1,297,297,0.003355704697986577,5.125,14,96,4560,0.19170690144845215,0.1263038596343946,0.16064981949458484,0.006197732570606423,0.1428712033701808,0.1428712033701808,M0_FIFO_OFFICIAL,0.0,easy,True
GO_L_DISRUPTED_01,200.80208333333334,329.25,146.10416666666666,270.75,798.0,35.0,15.943780752000748,77,m5_seeded_local_search,M7_REPAIR_LS,L,disrupted,1,101.03125,148.25,617.0,0.0,0.9875244870605218,1.220910623946037,0.293354943273906,35.0,L__disrupted,calibration,R01,342,342,0.075,0,342,342,0.0,5.229166666666667,19,96,4560,0.20562340244248792,0.20102000125926084,0.3267148014440433,0.0009683957141572537,0.19193801098766486,0.19193801098766486,M0_FIFO_OFFICIAL,0.0,easy,False
GO_L_DISRUPTED_01,271.2395833333333,414.5,216.44791666666666,360.25,841.0,4261.25,3.8581969239985483,77,metaheuristic_workers_4,M4_METAHEURISTIC_L,L,disrupted,1,101.03125,148.25,617.0,0.0,1.6847097638931847,1.7959527824620574,0.36304700162074555,4261.25,L__disrupted,calibration,R01,623,623,0.13662280701754387,1,622,622,0.0016051364365971107,11.375,18,96,4560,0.30247088895200225,0.3429386949860432,0.4043321299638989,0.11790217819864562,0.30018171999929344,0.30018171999929344,M0_FIFO_OFFICIAL,0.0,easy,False
GO_L_DISRUPTED_02,93.39583333333333,150.0,42.854166666666664,97.25,591.0,0.0,0.0,1,official_release,M0_FIFO_OFFICIAL,L,disrupted,2,93.39583333333333,150.0,591.0,0.0,0.0,0.0,0.0,0.0,L__disrupted,test,R02_R03,0,0,0.0,0,0,0,0.0,0.0,0,96,4560,0.0,0.0,0.0,0.0,0.0,0.0,M0_FIFO_OFFICIAL,0.0,easy,True
GO_L_DISRUPTED_02,552.53125,978.5,501.8645833333333,933.25,1123.0,26949.75,0.420589426999868,1,heuristic_feasible,M1_WEIGHTED_SLACK,L,disrupted,2,93.39583333333333,150.0,591.0,0.0,4.916016060673656,5.523333333333333,0.9001692047377327,26949.75,L__disrupted,test,R02_R03,2616,2616,0.5736842105263158,0,2616,2616,0.0,36.0,88,96,4560,0.9231197771587744,0.9049975361366623,0.9655172413793104,0.8303344476453098,0.911031037109307,0.911031037109307,M0_FIFO_OFFICIAL,0.0,easy,False
GO_L_DISRUPTED_02,464.8020833333333,830.0,414.3125,777.25,1068.0,21970.0,0.6948524429999452,1,heuristic_feasible,M1_SPT,L,disrupted,2,93.39583333333333,150.0,591.0,0.0,3.976689716707562,4.533333333333333,0.8071065989847716,21970.0,L__disrupted,test,R02_R03,1862,1862,0.4083333333333333,1,1861,1861,0.0005370569280343716,27.291666666666668,83,96,4560,0.7576601671309192,0.7320753942181341,0.8656987295825771,0.6769060126631029,0.7553566351002992,0.7553566351002992,M0_FIFO_OFFICIAL,0.0,easy,False
GO_L_DISRUPTED_02,187.15625,287.0,137.13541666666666,234.5,723.0,0.0,0.4028823200005718,1,heuristic_feasible,M1_EDD,L,disrupted,2,93.39583333333333,150.0,591.0,0.0,1.003903635958064,0.9133333333333333,0.2233502538071066,0.0,L__disrupted,test,R02_R03,390,390,0.08552631578947369,1,389,389,0.002564102564102564,6.291666666666667,17,96,4560,0.15264623955431755,0.18481028252299608,0.2395644283121597,0.0,0.15082804267701588,0.15082804267701588,M0_FIFO_OFFICIAL,0.0,easy,False
GO_L_DISRUPTED_02,600.7291666666666,1047.5,550.7291666666666,1000.0,1142.0,32456.5,0.43344974200044817,1,heuristic_feasible,M1_CR,L,disrupted,2,93.39583333333333,150.0,591.0,0.0,5.43207673432969,5.983333333333333,0.9323181049069373,32456.5,L__disrupted,test,R02_R03,2851,2851,0.6252192982456141,4,2847,2847,0.0014030164854437039,39.25,88,96,4560,1.0,1.0,1.0,1.0,1.0,1.0,M0_FIFO_OFFICIAL,0.0,easy,False
GO_L_DISRUPTED_02,556.0208333333334,901.25,505.8541666666667,850.75,1125.0,26642.0,0.5325457689996256,1,heuristic_feasible,M1_WSPT,L,disrupted,2,93.39583333333333,150.0,591.0,0.0,4.953379433415125,5.008333333333334,0.9035532994923858,26642.0,L__disrupted,test,R02_R03,2097,2097,0.4598684210526316,0,2097,2097,0.0,30.166666666666668,76,96,4560,0.8370473537604457,0.9118758212877793,0.969147005444646,0.8208525256882289,0.8731401941840766,0.8731401941840766,M0_FIFO_OFFICIAL,0.0,easy,False
GO_L_DISRUPTED_02,557.9479166666666,949.75,508.0208333333333,905.5,1080.0,30524.5,0.5703003440003158,1,heuristic_feasible,M1_MWKR,L,disrupted,2,93.39583333333333,150.0,591.0,0.0,4.97401293776489,5.331666666666667,0.8274111675126904,30524.5,L__disrupted,test,R02_R03,2402,2402,0.5267543859649123,0,2402,2402,0.0,32.875,87,96,4560,0.8910863509749304,0.9156742772667543,0.8874773139745916,0.9404741731240276,0.9041001503202002,0.9041001503202002,M0_FIFO_OFFICIAL,0.0,easy,False
GO_L_DISRUPTED_02,521.2708333333334,905.25,470.9791666666667,853.75,1060.0,24141.0,0.34917379200032883,1,heuristic_feasible,M1_ATC_CANONICAL,L,disrupted,2,93.39583333333333,150.0,591.0,0.0,4.581307160383672,5.035,0.7935702199661591,24141.0,L__disrupted,test,R02_R03,2617,2617,0.5739035087719299,0,2617,2617,0.0,36.291666666666664,85,96,4560,0.8415041782729805,0.8433804204993431,0.8511796733212341,0.7437955417250782,0.8287682676046237,0.8287682676046237,M0_FIFO_OFFICIAL,0.0,easy,False
GO_L_DISRUPTED_02,241.59375,349.25,7.96875,21.0,826.0,200.25,12.172402463000253,55,heuristic_online_replay,M2_PERIODIC_15,L,disrupted,2,93.39583333333333,150.0,591.0,0.0,1.5867722507249613,1.3283333333333334,0.3976311336717428,200.25,L__disrupted,test,R02_R03,507,507,0.11118421052631579,1,506,506,0.0019723865877712033,8.520833333333334,25,96,4560,0.22200557103064067,0.2921115308804205,0.426497277676951,0.006169796496849629,0.23783045080996354,0.23783045080996354,M0_FIFO_OFFICIAL,0.0,easy,False
GO_L_DISRUPTED_02,248.77083333333334,362.0,17.5,48.0,837.0,447.75,6.04309553999974,28,heuristic_online_replay,M2_PERIODIC_30,L,disrupted,2,93.39583333333333,150.0,591.0,0.0,1.6636181128708456,1.4133333333333333,0.41624365482233505,447.75,L__disrupted,test,R02_R03,511,511,0.11206140350877193,1,510,510,0.0019569471624266144,8.479166666666666,25,96,4560,0.2362116991643454,0.30625821287779237,0.44646098003629764,0.013795387672731195,0.2518982729997578,0.2518982729997578,M0_FIFO_OFFICIAL,0.0,easy,False
GO_L_DISRUPTED_02,126.5,219.0,9.916666666666666,33.0,634.0,0.0,12.680932703000508,119,heuristic_online_replay,M3_EVENT_REACTIVE,L,disrupted,2,93.39583333333333,150.0,591.0,0.0,0.3544501449921928,0.46,0.0727580372250423,0.0,L__disrupted,test,R02_R03,268,268,0.058771929824561406,4,264,264,0.014925373134328358,4.5625,19,96,4560,0.07688022284122563,0.06525131406044679,0.0780399274047187,0.0,0.06261491790437104,0.06261491790437104,M0_FIFO_OFFICIAL,0.0,easy,True
GO_L_DISRUPTED_02,123.08333333333333,210.5,11.833333333333334,39.0,634.0,0.0,12.559091836000334,119,heuristic_online_replay,M5_ATC_EVENT,L,disrupted,2,93.39583333333333,150.0,591.0,0.0,0.3178674994423377,0.4033333333333333,0.0727580372250423,0.0,L__disrupted,test,R02_R03,231,231,0.0506578947368421,1,230,230,0.004329004329004329,3.7916666666666665,16,96,4560,0.06740947075208914,0.058516754270696456,0.0780399274047187,0.0,0.05666943951682203,0.05666943951682203,M0_FIFO_OFFICIAL,0.0,easy,True
GO_L_DISRUPTED_02,135.58333333333334,242.0,13.354166666666666,53.0,641.0,0.0,13.002278468999975,119,heuristic_online_replay,M6_FIFO_PRIORITY_EVENT,L,disrupted,2,93.39583333333333,150.0,591.0,0.0,0.45170644657595377,0.6133333333333333,0.08460236886632826,0.0,L__disrupted,test,R02_R03,313,313,0.06864035087719299,4,309,309,0.012779552715654952,5.333333333333333,19,96,4560,0.10250696378830083,0.08315538764783183,0.09074410163339383,0.0,0.08052859586170241,0.08052859586170241,M0_FIFO_OFFICIAL,0.0,easy,True
GO_L_DISRUPTED_02,158.04166666666666,245.5,108.09375,197.0,687.0,0.0,15.314823153998077,69,m5_seeded_local_search,M7_REPAIR_LS,L,disrupted,2,93.39583333333333,150.0,591.0,0.0,0.6921704215926835,0.6366666666666667,0.16243654822335024,0.0,L__disrupted,test,R02_R03,232,232,0.05087719298245614,0,232,232,0.0,3.8125,16,96,4560,0.1064066852367688,0.12742279894875164,0.17422867513611615,0.0,0.1058730093641513,0.1058730093641513,M0_FIFO_OFFICIAL,0.0,easy,True
GO_L_DISRUPTED_02,214.64583333333334,335.0,164.72916666666666,283.25,797.0,818.5,3.85100358300042,69,metaheuristic_workers_4,M4_METAHEURISTIC_L,L,disrupted,2,93.39583333333333,150.0,591.0,0.0,1.2982377871960742,1.2333333333333334,0.34856175972927245,818.5,L__disrupted,test,R02_R03,658,658,0.1442982456140351,1,657,657,0.001519756838905775,11.583333333333334,24,96,4560,0.20612813370473537,0.23899474375821292,0.3738656987295826,0.02521836920185479,0.21236895629639976,0.21236895629639976,M0_FIFO_OFFICIAL,0.0,easy,False
GO_L_DISRUPTED_03,93.70833333333333,141.25,40.53125,91.0,601.0,0.0,0.0,1,official_release,M0_FIFO_OFFICIAL,L,disrupted,3,93.70833333333333,141.25,601.0,0.0,0.0,0.0,0.0,0.0,L__disrupted,test,R02_R03,0,0,0.0,0,0,0,0.0,0.0,0,96,4560,0.0,0.0,0.0,0.0,0.0,0.0,M0_FIFO_OFFICIAL,0.0,easy,True
GO_L_DISRUPTED_03,564.4270833333334,949.5,511.6458333333333,891.75,1122.0,29285.25,0.458398347000184,1,heuristic_feasible,M1_WEIGHTED_SLACK,L,disrupted,3,93.70833333333333,141.25,601.0,0.0,5.023232547799022,5.72212389380531,0.8668885191347754,29285.25,L__disrupted,test,R02_R03,2254,2254,0.49429824561403507,0,2254,2254,0.0,31.166666666666668,86,96,4560,0.9723308270676692,0.996120357103494,0.9594843462246777,0.9988403523282485,0.9803276662392637,0.9803276662392637,M0_FIFO_OFFICIAL,0.0,easy,False
GO_L_DISRUPTED_03,446.9166666666667,858.75,394.3645833333333,801.5,1028.0,23671.5,0.4830711569993582,1,heuristic_feasible,M1_SPT,L,disrupted,3,93.70833333333333,141.25,601.0,0.0,3.7692307692307696,5.079646017699115,0.7104825291181365,23671.5,L__disrupted,test,R02_R03,2317,2317,0.5081140350877194,0,2317,2317,0.0,33.4375,90,96,4560,0.8631578947368421,0.7474484734927809,0.7863720073664825,0.8073705841725146,0.8143445597356237,0.8143445597356237,M0_FIFO_OFFICIAL,0.0,easy,False
GO_L_DISRUPTED_03,201.9375,312.0,149.61458333333334,258.5,773.0,0.0,0.4303039759997773,1,heuristic_feasible,M1_EDD,L,disrupted,3,93.70833333333333,141.25,601.0,0.0,1.1549577590040019,1.2088495575221239,0.28618968386023297,0.0,L__disrupted,test,R02_R03,341,341,0.07478070175438596,0,341,341,0.0,5.5625,15,96,4560,0.20541353383458646,0.2290311914471509,0.31675874769797424,0.0,0.19720770024204776,0.19720770024204776,M0_FIFO_OFFICIAL,0.0,easy,False
GO_L_DISRUPTED_03,549.7083333333334,947.5,497.5104166666667,899.25,1118.0,28451.75,0.4107412960001966,1,heuristic_feasible,M1_CR,L,disrupted,3,93.70833333333333,141.25,601.0,0.0,4.86616273899511,5.707964601769912,0.8602329450915142,28451.75,L__disrupted,test,R02_R03,2125,2125,0.46600877192982454,0,2125,2125,0.0,29.979166666666668,73,96,4560,0.9699248120300752,0.9649729968037034,0.9521178637200737,0.9704119307281053,0.9660888837816866,0.9660888837816866,M0_FIFO_OFFICIAL,0.0,easy,False
GO_L_DISRUPTED_03,555.5729166666666,957.0,503.65625,902.75,1126.0,28303.5,0.6375094429995443,1,heuristic_feasible,M1_WSPT,L,disrupted,3,93.70833333333333,141.25,601.0,0.0,4.928746109381947,5.7752212389380535,0.8735440931780366,28303.5,L__disrupted,test,R02_R03,2134,2134,0.4679824561403509,0,2134,2134,0.0,29.125,80,96,4560,0.9813533834586466,0.9773834453874132,0.9668508287292817,0.9653555258064241,0.9757858370836001,0.9757858370836001,M0_FIFO_OFFICIAL,0.0,easy,False
GO_L_DISRUPTED_03,473.0104166666667,813.0,420.7604166666667,756.0,1016.0,24196.75,0.44054442800006655,1,heuristic_feasible,M1_MWKR,L,disrupted,3,93.70833333333333,141.25,601.0,0.0,4.047687861271677,4.755752212389381,0.6905158069883528,24196.75,L__disrupted,test,R02_R03,1914,1914,0.41973684210526313,0,1914,1914,0.0,28.270833333333332,83,96,4560,0.8081203007518797,0.802667254491348,0.7642725598526704,0.8252854353368521,0.8027546482396112,0.8027546482396112,M0_FIFO_OFFICIAL,0.0,easy,False
GO_L_DISRUPTED_03,566.2604166666666,972.5,513.9270833333334,917.5,1144.0,29319.25,0.35166477900020254,1,heuristic_feasible,M1_ATC_CANONICAL,L,disrupted,3,93.70833333333333,141.25,601.0,0.0,5.042796798577146,5.884955752212389,0.9034941763727121,29319.25,L__disrupted,test,R02_R03,2265,2265,0.4967105263157895,0,2265,2265,0.0,31.0625,88,96,4560,1.0,1.0,1.0,1.0,1.0,1.0,M0_FIFO_OFFICIAL,0.0,easy,False
GO_L_DISRUPTED_03,260.5625,372.25,8.802083333333334,19.75,855.0,1568.25,15.792365522999717,57,heuristic_online_replay,M2_PERIODIC_15,L,disrupted,3,93.70833333333333,141.25,601.0,0.0,1.7805691418408185,1.6353982300884955,0.4226289517470882,1568.25,L__disrupted,test,R02_R03,414,414,0.09078947368421053,0,414,414,0.0,6.895833333333333,18,96,4560,0.27789473684210525,0.35309159043315336,0.4677716390423573,0.05348874885953767,0.29151458737251995,0.29151458737251995,M0_FIFO_OFFICIAL,0.0,easy,False
GO_L_DISRUPTED_03,263.8020833333333,380.25,18.0625,48.0,862.0,1844.5,4.305272659000366,29,heuristic_online_replay,M2_PERIODIC_30,L,disrupted,3,93.70833333333333,141.25,601.0,0.0,1.815140062249889,1.6920353982300884,0.43427620632279534,1844.5,L__disrupted,test,R02_R03,401,401,0.08793859649122807,0,401,401,0.0,6.583333333333333,18,96,4560,0.28751879699248123,0.359947095778684,0.48066298342541436,0.06291088619251857,0.3009063130339775,0.3009063130339775,M0_FIFO_OFFICIAL,0.0,easy,False
GO_L_DISRUPTED_03,133.01041666666666,210.5,10.770833333333334,38.0,648.0,0.0,12.601421765999476,120,heuristic_online_replay,M3_EVENT_REACTIVE,L,disrupted,3,93.70833333333333,141.25,601.0,0.0,0.41940862605602486,0.4902654867256637,0.07820299500831947,0.0,L__disrupted,test,R02_R03,277,277,0.06074561403508772,0,277,277,0.0,4.604166666666667,14,96,4560,0.08330827067669173,0.08316984459384988,0.0865561694290976,0.0,0.07126460836733839,0.07126460836733839,M0_FIFO_OFFICIAL,0.0,easy,True
GO_L_DISRUPTED_03,103.85416666666667,171.75,9.770833333333334,29.25,623.0,0.0,11.685349143000167,120,heuristic_online_replay,M5_ATC_EVENT,L,disrupted,3,93.70833333333333,141.25,601.0,0.0,0.10827034237438872,0.215929203539823,0.036605657237936774,0.0,L__disrupted,test,R02_R03,202,202,0.04429824561403509,1,201,201,0.0049504950495049506,3.5,15,96,4560,0.03669172932330827,0.021470296484073646,0.040515653775322284,0.0,0.027956200382805472,0.027956200382805472,M0_FIFO_OFFICIAL,0.0,easy,True
GO_L_DISRUPTED_03,131.70833333333334,210.5,10.322916666666666,35.0,642.0,0.0,12.522308578000775,120,heuristic_online_replay,M6_FIFO_PRIORITY_EVENT,L,disrupted,3,93.70833333333333,141.25,601.0,0.0,0.4055135615829259,0.4902654867256637,0.06821963394342762,0.0,L__disrupted,test,R02_R03,280,280,0.06140350877192982,0,280,280,0.0,4.75,14,96,4560,0.08330827067669173,0.08041441640030864,0.07550644567219153,0.0,0.06891829275541717,0.06891829275541717,M0_FIFO_OFFICIAL,0.0,easy,True
GO_L_DISRUPTED_03,184.09375,294.25,131.90625,243.0,749.0,38.5,14.40045319699857,76,m5_seeded_local_search,M7_REPAIR_LS,L,disrupted,3,93.70833333333333,141.25,601.0,0.0,0.9645397954646511,1.0831858407079646,0.24625623960066556,38.5,L__disrupted,test,R02_R03,239,239,0.05241228070175439,0,239,239,0.0,3.9375,16,96,4560,0.18406015037593984,0.19127080348286127,0.27255985267034993,0.001313130451836251,0.17172571600821615,0.17172571600821615,M0_FIFO_OFFICIAL,0.0,easy,False
GO_L_DISRUPTED_03,270.65625,400.75,218.30208333333334,349.0,835.0,4468.75,3.8558856769996055,76,metaheuristic_workers_4,M4_METAHEURISTIC_L,L,disrupted,3,93.70833333333333,141.25,601.0,0.0,1.8882836816362831,1.8371681415929204,0.389351081530782,4468.75,L__disrupted,test,R02_R03,696,696,0.15263157894736842,0,696,696,0.0,12.333333333333334,37,96,4560,0.31218045112781956,0.37445166978948535,0.430939226519337,0.15241692744527913,0.32159754354958253,0.32159754354958253,M0_FIFO_OFFICIAL,0.0,easy,False
GO_L_PEAK_01,94.60416666666667,163.5,42.572916666666664,108.5,643.0,0.0,0.0,1,official_release,M0_FIFO_OFFICIAL,L,peak,1,94.60416666666667,163.5,643.0,0.0,0.0,0.0,0.0,0.0,L__peak,calibration,R01,0,0,0.0,0,0,0,0.0,0.0,0,96,4560,0.0,0.0,0.0,0.0,0.0,0.0,M0_FIFO_OFFICIAL,0.0,easy,True
GO_L_PEAK_01,545.8541666666666,1029.5,493.5625,976.75,1177.0,26673.75,0.45576790399991296,1,heuristic_feasible,M1_WEIGHTED_SLACK,L,peak,1,94.60416666666667,163.5,643.0,0.0,4.769874476987447,5.296636085626911,0.8304821150855366,26673.75,L__peak,calibration,R01,2665,2665,0.5844298245614035,2,2663,2663,0.00075046904315197,37.395833333333336,88,96,4560,1.0,1.0,1.0,0.9767473795029066,0.9965121069254359,0.9965121069254359,M0_FIFO_OFFICIAL,0.0,easy,False
GO_L_PEAK_01,527.90625,902.0,476.1145833333333,846.75,1163.0,27308.75,0.4396723289992224,1,heuristic_feasible,M1_SPT,L,peak,1,94.60416666666667,163.5,643.0,0.0,4.580158555384276,4.516819571865444,0.8087091757387247,27308.75,L__peak,calibration,R01,2148,2148,0.4710526315789474,0,2148,2148,0.0,32.041666666666664,83,96,4560,0.8527713625866051,0.9602262234533704,0.9737827715355806,1.0,0.919871084757652,0.919871084757652,M0_FIFO_OFFICIAL,0.0,easy,False
GO_L_PEAK_01,175.58333333333334,287.25,123.46875,235.75,751.0,0.0,0.532726563000324,1,heuristic_feasible,M1_EDD,L,peak,1,94.60416666666667,163.5,643.0,0.0,0.8559788592820965,0.7568807339449541,0.16796267496111975,0.0,L__peak,calibration,R01,267,267,0.05855263157894737,0,267,267,0.0,4.291666666666667,14,96,4560,0.14289838337182448,0.17945521698984307,0.20224719101123595,0.0,0.13950515541646719,0.13950515541646719,M0_FIFO_OFFICIAL,0.0,easy,True
GO_L_PEAK_01,507.4375,956.0,455.28125,908.5,1089.0,24088.25,0.48248642700036726,1,heuristic_feasible,M1_CR,L,peak,1,94.60416666666667,163.5,643.0,0.0,4.363796520590178,4.847094801223242,0.6936236391912908,24088.25,L__peak,calibration,R01,2545,2545,0.5581140350877193,0,2545,2545,0.0,35.75,79,96,4560,0.9151270207852193,0.9148661126500462,0.8352059925093633,0.8820707648647411,0.898115201121976,0.898115201121976,M0_FIFO_OFFICIAL,0.0,easy,False
GO_L_PEAK_01,497.34375,900.0,445.4166666666667,844.5,1126.0,21933.25,0.8036509040002784,1,heuristic_feasible,M1_WSPT,L,peak,1,94.60416666666667,163.5,643.0,0.0,4.257101959920722,4.504587155963303,0.7511664074650077,21933.25,L__peak,calibration,R01,2195,2195,0.48135964912280704,0,2195,2195,0.0,32.125,84,96,4560,0.8504618937644342,0.8924976915974147,0.9044943820224719,0.8031583283746052,0.8619801816529106,0.8619801816529106,M0_FIFO_OFFICIAL,0.0,easy,False
GO_L_PEAK_01,450.9166666666667,844.5,398.9166666666667,798.0,1040.0,21996.25,0.5651093110000147,1,heuristic_feasible,M1_MWKR,L,peak,1,94.60416666666667,163.5,643.0,0.0,3.7663510240035234,4.165137614678899,0.6174183514774495,21996.25,L__peak,calibration,R01,2056,2056,0.45087719298245615,0,2056,2056,0.0,30.604166666666668,76,96,4560,0.7863741339491916,0.7896121883656511,0.7434456928838952,0.8054652812743168,0.7836080534922807,0.7836080534922807,M0_FIFO_OFFICIAL,0.0,easy,False
GO_L_PEAK_01,537.3541666666666,981.75,484.96875,927.0,1144.0,25666.0,0.3809518089992707,1,heuristic_feasible,M1_ATC_CANONICAL,L,peak,1,94.60416666666667,163.5,643.0,0.0,4.6800264258973785,5.004587155963303,0.7791601866251944,25666.0,L__peak,calibration,R01,2636,2636,0.5780701754385965,1,2635,2635,0.00037936267071320183,37.1875,89,96,4560,0.9448614318706697,0.9811634349030471,0.9382022471910112,0.9398452876825193,0.9521856332985927,0.9521856332985927,M0_FIFO_OFFICIAL,0.0,easy,False
GO_L_PEAK_01,277.8229166666667,392.0,9.739583333333334,22.5,883.0,2061.25,16.29017310600011,59,heuristic_online_replay,M2_PERIODIC_15,L,peak,1,94.60416666666667,163.5,643.0,0.0,1.9366879541951112,1.3975535168195719,0.37325038880248834,2061.25,L__peak,calibration,R01,361,361,0.07916666666666666,0,361,361,0.0,6.125,14,96,4560,0.26385681293302543,0.4060249307479225,0.449438202247191,0.07547947086556507,0.2989794494737555,0.2989794494737555,M0_FIFO_OFFICIAL,0.0,easy,False
GO_L_PEAK_01,291.4583333333333,412.5,17.145833333333332,43.25,887.0,3288.0,4.229551790000187,30,heuristic_online_replay,M2_PERIODIC_30,L,peak,1,94.60416666666667,163.5,643.0,0.0,2.0808192028187618,1.5229357798165137,0.37947122861586313,3288.0,L__peak,calibration,R01,352,352,0.07719298245614035,0,352,352,0.0,6.0,14,96,4560,0.28752886836027713,0.436241920590951,0.45692883895131087,0.12040097038494987,0.3250479423103016,0.3250479423103016,M0_FIFO_OFFICIAL,0.0,easy,False
GO_L_PEAK_01,127.17708333333333,231.5,14.583333333333334,51.75,673.0,0.0,14.044699820999995,125,heuristic_online_replay,M3_EVENT_REACTIVE,L,peak,1,94.60416666666667,163.5,643.0,0.0,0.34430742127284725,0.41590214067278286,0.04665629860031104,0.0,L__peak,calibration,R01,140,140,0.03070175438596491,0,140,140,0.0,2.5416666666666665,14,96,4560,0.07852193995381063,0.0721837488457987,0.056179775280898875,0.0,0.06180777648279929,0.06180777648279929,M0_FIFO_OFFICIAL,0.0,easy,True
GO_L_PEAK_01,109.01041666666667,203.0,10.479166666666666,37.5,655.0,0.0,13.653303072000199,125,heuristic_online_replay,M5_ATC_EVENT,L,peak,1,94.60416666666667,163.5,643.0,0.0,0.152279233648976,0.2415902140672783,0.01866251944012442,0.0,L__peak,calibration,R01,153,153,0.03355263157894737,0,153,153,0.0,2.6666666666666665,17,96,4560,0.04561200923787529,0.03192520775623269,0.02247191011235955,0.0,0.03187749261295599,0.03187749261295599,M0_FIFO_OFFICIAL,0.0,easy,True
GO_L_PEAK_01,120.55208333333333,221.0,11.614583333333334,46.25,654.0,0.0,13.864810297000076,125,heuristic_online_replay,M6_FIFO_PRIORITY_EVENT,L,peak,1,94.60416666666667,163.5,643.0,0.0,0.2742787932173529,0.3516819571865443,0.017107309486780714,0.0,L__peak,calibration,R01,129,129,0.028289473684210528,0,129,129,0.0,2.375,14,96,4560,0.06639722863741339,0.0575023084025854,0.020599250936329586,0.0,0.04734421762793181,0.04734421762793181,M0_FIFO_OFFICIAL,0.0,easy,True
GO_L_PEAK_01,147.26041666666666,272.25,95.38541666666667,217.0,712.0,0.0,16.52394691200061,73,m5_seeded_local_search,M7_REPAIR_LS,L,peak,1,94.60416666666667,163.5,643.0,0.0,0.556595463554283,0.6651376146788991,0.10730948678071539,0.0,L__peak,calibration,R01,160,160,0.03508771929824561,0,160,160,0.0,2.7708333333333335,17,96,4560,0.12557736720554272,0.11668975069252076,0.12921348314606743,0.0,0.10506427538753452,0.10506427538753452,M0_FIFO_OFFICIAL,0.0,easy,True
GO_L_PEAK_01,236.375,404.75,184.44791666666666,353.75,845.0,3256.5,3.8533707810001943,73,metaheuristic_workers_4,M4_METAHEURISTIC_L,L,peak,1,94.60416666666667,163.5,643.0,0.0,1.4985685972252805,1.4755351681957187,0.3141524105754277,3256.5,L__peak,calibration,R01,708,708,0.15526315789473685,0,708,708,0.0,12.125,42,96,4560,0.2785796766743649,0.3141735918744229,0.3782771535580524,0.11924749393509407,0.2785329495960419,0.2785329495960419,M0_FIFO_OFFICIAL,0.0,easy,False
GO_L_PEAK_02,73.54166666666667,112.5,23.135416666666668,60.25,662.0,0.0,0.0,1,official_release,M0_FIFO_OFFICIAL,L,peak,2,73.54166666666667,112.5,662.0,0.0,0.0,0.0,0.0,0.0,L__peak,test,R02_R03,0,0,0.0,0,0,0,0.0,0.0,0,96,4560,0.0,0.0,0.011472275334608031,0.0,0.0017208413001912047,0.0,M0_FIFO_OFFICIAL,0.0017208413001912047,hard,True
GO_L_PEAK_02,524.8854166666666,980.5,474.2395833333333,923.75,1112.0,25347.25,0.47645459700015635,1,heuristic_feasible,M1_WEIGHTED_SLACK,L,peak,2,73.54166666666667,112.5,662.0,0.0,6.137252124645891,7.7155555555555555,0.6797583081570997,25347.25,L__peak,test,R02_R03,2430,2430,0.5328947368421053,0,2430,2430,0.0,33.75,85,96,4560,0.9318303811057435,0.9426725263249498,0.8718929254302104,0.8951406423816503,0.9200468382506011,0.9183259969504098,M0_FIFO_OFFICIAL,0.0017208413001912047,hard,False
GO_L_PEAK_02,463.15625,890.75,412.5729166666667,840.0,1063.0,24705.75,0.4360409639994032,1,heuristic_feasible,M1_SPT,L,peak,2,73.54166666666667,112.5,662.0,0.0,5.297875354107648,6.917777777777777,0.6057401812688822,24705.75,L__peak,test,R02_R03,2227,2227,0.48837719298245613,0,2227,2227,0.0,31.958333333333332,84,96,4560,0.8354804079441761,0.8137455399878165,0.7782026768642447,0.8724860063920329,0.827005871060275,0.8252850297600838,M0_FIFO_OFFICIAL,0.0017208413001912047,hard,False
GO_L_PEAK_02,170.4375,234.75,120.08333333333333,186.5,754.0,0.0,0.5890770720006913,1,heuristic_feasible,M1_EDD,L,peak,2,73.54166666666667,112.5,662.0,0.0,1.3175637393767703,1.0866666666666667,0.13897280966767372,0.0,L__peak,test,R02_R03,273,273,0.05986842105263158,0,273,273,0.0,4.4375,14,96,4560,0.13123993558776167,0.2023757723435732,0.18738049713193117,0.0,0.13775898867017572,0.1360381473699845,M0_FIFO_OFFICIAL,0.0017208413001912047,hard,True
GO_L_PEAK_02,475.8333333333333,909.0,425.0729166666667,864.5,1084.0,21949.5,0.41700099099944055,1,heuristic_feasible,M1_CR,L,peak,2,73.54166666666667,112.5,662.0,0.0,5.470254957507081,7.08,0.6374622356495468,21949.5,L__peak,test,R02_R03,2249,2249,0.4932017543859649,0,2249,2249,0.0,33.0,87,96,4560,0.855072463768116,0.8402227830476023,0.8183556405353728,0.7751487648544135,0.8338639652660206,0.8321431239658293,M0_FIFO_OFFICIAL,0.0017208413001912047,hard,False
GO_L_PEAK_02,520.7083333333334,983.0,470.3333333333333,924.5,1147.0,24774.0,0.7998732309997649,1,heuristic_feasible,M1_WSPT,L,peak,2,73.54166666666667,112.5,662.0,0.0,6.080453257790368,7.737777777777778,0.7326283987915407,24774.0,L__peak,test,R02_R03,2158,2158,0.4732456140350877,0,2158,2158,0.0,32.0,87,96,4560,0.9345142243692969,0.933948307370986,0.9388145315487572,0.8748962618967739,0.9260750968257597,0.9243542555255685,M0_FIFO_OFFICIAL,0.0017208413001912047,hard,False
GO_L_PEAK_02,498.9791666666667,895.5,448.4166666666667,846.0,1084.0,26951.0,0.4024885610006095,1,heuristic_feasible,M1_MWKR,L,peak,2,73.54166666666667,112.5,662.0,0.0,5.784985835694051,6.96,0.6374622356495468,26951.0,L__peak,test,R02_R03,1960,1960,0.4298245614035088,0,1960,1960,0.0,28.145833333333332,80,96,4560,0.8405797101449275,0.8885649638847793,0.8183556405353728,0.9517772323556937,0.8659220414700722,0.864201200169881,M0_FIFO_OFFICIAL,0.0017208413001912047,hard,False
GO_L_PEAK_02,552.3333333333334,1044.0,502.3020833333333,989.5,1179.0,28316.5,0.3545922729999802,1,heuristic_feasible,M1_ATC_CANONICAL,L,peak,2,73.54166666666667,112.5,662.0,0.0,6.510481586402266,8.28,0.7809667673716012,28316.5,L__peak,test,R02_R03,2533,2533,0.5554824561403509,11,2522,2522,0.0043426766679826295,35.0,87,96,4560,1.0,1.0,1.0,1.0,1.0,0.9982791586998088,M0_FIFO_OFFICIAL,0.0017208413001912047,hard,False
GO_L_PEAK_02,224.14583333333334,313.25,7.979166666666667,21.0,884.0,36.0,15.067086286999256,59,heuristic_online_replay,M2_PERIODIC_15,L,peak,2,73.54166666666667,112.5,662.0,0.0,2.047875354107649,1.7844444444444445,0.33534743202416917,36.0,L__peak,test,R02_R03,327,327,0.07171052631578947,0,327,327,0.0,5.229166666666667,16,96,4560,0.21551261406333871,0.3145505177965364,0.4359464627151052,0.001271343562940335,0.24120097671934337,0.23948013541915217,M0_FIFO_OFFICIAL,0.0017208413001912047,hard,False
GO_L_PEAK_02,222.75,302.5,16.916666666666668,36.0,861.0,0.0,3.5680470569996032,29,heuristic_online_replay,M2_PERIODIC_30,L,peak,2,73.54166666666667,112.5,662.0,0.0,2.028895184135977,1.6888888888888889,0.30060422960725075,0.0,L__peak,test,R02_R03,325,325,0.0712719298245614,0,325,325,0.0,5.166666666666667,16,96,4560,0.20397208803005903,0.3116351927595509,0.3919694072657744,0.0,0.22849164889328047,0.22677080759308926,M0_FIFO_OFFICIAL,0.0017208413001912047,hard,False
GO_L_PEAK_02,84.20833333333333,139.75,6.8125,36.5,657.0,0.0,12.72350970000025,134,heuristic_online_replay,M3_EVENT_REACTIVE,L,peak,2,73.54166666666667,112.5,662.0,0.0,0.14504249291784688,0.24222222222222223,-0.0075528700906344415,0.0,L__peak,test,R02_R03,58,58,0.012719298245614035,0,58,58,0.0,1.0,7,96,4560,0.029253891572732154,0.022278304760247128,0.0019120458891013384,0.0,0.019020634281156454,0.017299792980965248,M0_FIFO_OFFICIAL,0.0017208413001912047,hard,True
GO_L_PEAK_02,78.88541666666667,128.5,6.0,22.5,656.0,0.0,12.249156849999963,134,heuristic_online_replay,M5_ATC_EVENT,L,peak,2,73.54166666666667,112.5,662.0,0.0,0.0726628895184136,0.14222222222222222,-0.00906344410876133,0.0,L__peak,test,R02_R03,68,68,0.014912280701754385,0,68,68,0.0,1.125,10,96,4560,0.017176596886741814,0.011160908537116003,0.0,0.0,0.010519695733312818,0.008798854433121613,M0_FIFO_OFFICIAL,0.0017208413001912047,hard,True
GO_L_PEAK_02,87.53125,157.75,7.302083333333333,36.5,657.0,0.0,12.560034715000256,134,heuristic_online_replay,M6_FIFO_PRIORITY_EVENT,L,peak,2,73.54166666666667,112.5,662.0,0.0,0.19022662889518405,0.4022222222222222,-0.0075528700906344415,0.0,L__peak,test,R02_R03,64,64,0.014035087719298246,0,64,64,0.0,1.1458333333333333,7,96,4560,0.048577563070316694,0.029218518840831945,0.0019120458891013384,0.0,0.0294513399752157,0.027730498675024494,M0_FIFO_OFFICIAL,0.0017208413001912047,hard,True
GO_L_PEAK_02,135.94791666666666,205.25,86.01041666666667,151.0,733.0,0.0,15.307935480001106,79,m5_seeded_local_search,M7_REPAIR_LS,L,peak,2,73.54166666666667,112.5,662.0,0.0,0.8485835694050989,0.8244444444444444,0.10725075528700906,0.0,L__peak,test,R02_R03,103,103,0.022587719298245615,0,103,103,0.0,1.5,20,96,4560,0.09957058507783145,0.13034113654164126,0.14722753346080306,0.0,0.09947617743955493,0.09775533613936373,M0_FIFO_OFFICIAL,0.0017208413001912047,hard,True
GO_L_PEAK_02,195.41666666666666,329.0,144.72916666666666,272.0,789.0,843.75,3.8442794829988998,79,metaheuristic_workers_4,M4_METAHEURISTIC_L,L,peak,2,73.54166666666667,112.5,662.0,0.0,1.657223796033994,1.9244444444444444,0.19184290030211482,843.75,L__peak,test,R02_R03,588,588,0.12894736842105264,0,588,588,0.0,10.145833333333334,20,96,4560,0.23242082662372518,0.2545470368114176,0.25430210325047803,0.029797114756414105,0.21084101388456458,0.20912017258437338,M0_FIFO_OFFICIAL,0.0017208413001912047,hard,False
GO_L_PEAK_03,78.88541666666667,127.0,29.697916666666668,81.25,671.0,0.0,0.0,1,official_release,M0_FIFO_OFFICIAL,L,peak,3,78.88541666666667,127.0,671.0,0.0,0.0,0.0,0.0,0.0,L__peak,test,R02_R03,0,0,0.0,0,0,0,0.0,0.0,0,96,4560,0.0,0.0,0.0019569471624266144,0.0,0.00029354207436399217,0.0,M0_FIFO_OFFICIAL,0.00029354207436399217,hard,True
GO_L_PEAK_03,530.6875,961.5,481.5520833333333,908.75,1163.0,24913.25,0.6182341089997863,1,heuristic_feasible,M1_WEIGHTED_SLACK,L,peak,3,78.88541666666667,127.0,671.0,0.0,5.727320744751089,6.570866141732283,0.7332339791356185,24913.25,L__peak,test,R02_R03,2433,2433,0.5335526315789474,0,2433,2433,0.0,34.666666666666664,87,96,4560,0.973461650627005,1.0,0.9647749510763209,1.0,0.9827739854436004,0.9824804433692365,M0_FIFO_OFFICIAL,0.00029354207436399217,hard,False
GO_L_PEAK_03,480.0,873.5,430.6770833333333,819.0,1069.0,22754.75,0.4372643229999085,1,heuristic_feasible,M1_SPT,L,peak,3,78.88541666666667,127.0,671.0,0.0,5.084774858048329,5.877952755905512,0.5931445603576752,22754.75,L__peak,test,R02_R03,2305,2305,0.5054824561403509,0,2305,2305,0.0,34.270833333333336,82,96,4560,0.8708078156897054,0.887810388951652,0.7808219178082192,0.9133593569686813,0.8679433055148157,0.8676497634404517,M0_FIFO_OFFICIAL,0.00029354207436399217,hard,False
GO_L_PEAK_03,171.42708333333334,256.0,122.46875,205.25,762.0,0.0,0.5108760410003015,1,heuristic_feasible,M1_EDD,L,peak,3,78.88541666666667,127.0,671.0,0.0,1.1731150138650468,1.015748031496063,0.13561847988077497,0.0,L__peak,test,R02_R03,269,269,0.05899122807017544,0,269,269,0.0,4.1875,14,96,4560,0.1504811898512686,0.20482788831761697,0.18003913894324852,0.0,0.14592937835396239,0.1456358362795984,M0_FIFO_OFFICIAL,0.00029354207436399217,hard,True
GO_L_PEAK_03,503.6770833333333,878.0,454.7083333333333,829.0,1100.0,23215.25,0.37229247400046006,1,heuristic_feasible,M1_CR,L,peak,3,78.88541666666667,127.0,671.0,0.0,5.384920110920374,5.913385826771654,0.639344262295082,23215.25,L__peak,test,R02_R03,2133,2133,0.4677631578947368,0,2133,2133,0.0,30.729166666666668,85,96,4560,0.8760571595217265,0.9402162635741129,0.8414872798434442,0.9318434969343622,0.8952794041949761,0.8949858621206122,M0_FIFO_OFFICIAL,0.00029354207436399217,hard,False
GO_L_PEAK_03,413.1666666666667,834.75,363.59375,777.75,1045.0,15539.25,0.5548158430001422,1,heuristic_feasible,M1_WSPT,L,peak,3,78.88541666666667,127.0,671.0,0.0,4.237554469827017,5.572834645669292,0.5573770491803278,15539.25,L__peak,test,R02_R03,2122,2122,0.46535087719298246,0,2122,2122,0.0,32.020833333333336,79,96,4560,0.8256051326917468,0.7398842597929588,0.7338551859099804,0.6237343582230339,0.7601318062794779,0.7598382642051139,M0_FIFO_OFFICIAL,0.00029354207436399217,hard,False
GO_L_PEAK_03,446.8854166666667,793.5,397.8020833333333,748.0,1055.0,21398.0,0.4004508090001764,1,heuristic_feasible,M1_MWKR,L,peak,3,78.88541666666667,127.0,671.0,0.0,4.664994057837053,5.248031496062992,0.5722801788375559,21398.0,L__peak,test,R02_R03,1924,1924,0.4219298245614035,0,1924,1924,0.0,28.791666666666668,76,96,4560,0.7774861475648878,0.8145159430982408,0.7534246575342466,0.8589003843336377,0.7953465084589424,0.7950529663845785,M0_FIFO_OFFICIAL,0.00029354207436399217,hard,False
GO_L_PEAK_03,505.78125,984.25,457.0104166666667,931.0,1181.0,23542.75,0.344684222000069,1,heuristic_feasible,M1_ATC_CANONICAL,L,peak,3,78.88541666666667,127.0,671.0,0.0,5.411593820150534,6.75,0.7600596125186289,23542.75,L__peak,test,R02_R03,2485,2485,0.5449561403508771,1,2484,2484,0.00040241448692152917,34.916666666666664,83,96,4560,1.0,0.9448735388375257,1.0,0.9449891122194013,0.9779667515422916,0.9776732094679277,M0_FIFO_OFFICIAL,0.00029354207436399217,hard,False
GO_L_PEAK_03,229.48958333333334,337.25,8.739583333333334,21.25,870.0,139.75,14.211702990000049,58,heuristic_online_replay,M2_PERIODIC_15,L,peak,3,78.88541666666667,127.0,671.0,0.0,1.909150930938862,1.655511811023622,0.2965722801788376,139.75,L__peak,test,R02_R03,325,325,0.0712719298245614,0,325,325,0.0,5.166666666666667,13,96,4560,0.2452610090405366,0.3333410186060453,0.3913894324853229,0.005609464843005228,0.25325254331900204,0.25295900124463805,M0_FIFO_OFFICIAL,0.00029354207436399217,hard,False
GO_L_PEAK_03,219.54166666666666,318.5,18.020833333333332,43.5,847.0,0.0,3.461098187999596,29,heuristic_online_replay,M2_PERIODIC_30,L,peak,3,78.88541666666667,127.0,671.0,0.0,1.783045028390334,1.5078740157480315,0.26229508196721313,0.0,L__peak,test,R02_R03,336,336,0.07368421052631578,0,336,336,0.0,5.270833333333333,13,96,4560,0.22338874307378245,0.3113227122864455,0.34637964774951074,0.0,0.23031255961724006,0.23001901754287607,M0_FIFO_OFFICIAL,0.00029354207436399217,hard,False
GO_L_PEAK_03,100.88541666666667,191.25,7.354166666666667,24.0,670.0,0.0,11.839018700999986,126,heuristic_online_replay,M3_EVENT_REACTIVE,L,peak,3,78.88541666666667,127.0,671.0,0.0,0.2788855143272151,0.5059055118110236,-0.0014903129657228018,0.0,L__peak,test,R02_R03,160,160,0.03508771929824561,0,160,160,0.0,2.6875,15,96,4560,0.07494896471274425,0.048693887902612226,0.0,0.0,0.04590050609638797,0.04560696402202397,M0_FIFO_OFFICIAL,0.00029354207436399217,hard,True
GO_L_PEAK_03,88.85416666666667,174.5,7.5,24.5,671.0,0.0,11.572625284999958,126,heuristic_online_replay,M5_ATC_EVENT,L,peak,3,78.88541666666667,127.0,671.0,0.0,0.12636999867951934,0.37401574803149606,0.0,0.0,L__peak,test,R02_R03,145,145,0.03179824561403509,0,145,145,0.0,2.3958333333333335,13,96,4560,0.055409740449110526,0.022064417955871166,0.0019569471624266144,0.0,0.03074402976543152,0.030450487691067528,M0_FIFO_OFFICIAL,0.00029354207436399217,hard,True
GO_L_PEAK_03,96.125,191.0,6.59375,24.25,671.0,0.0,11.802551515999767,126,heuristic_online_replay,M6_FIFO_PRIORITY_EVENT,L,peak,3,78.88541666666667,127.0,671.0,0.0,0.21853954839561593,0.5039370078740157,0.0,0.0,L__peak,test,R02_R03,155,155,0.03399122807017544,0,155,155,0.0,2.625,15,96,4560,0.07465733449985419,0.038157379014594324,0.0019569471624266144,0.0,0.043428687352946964,0.04313514527858297,M0_FIFO_OFFICIAL,0.00029354207436399217,hard,True
GO_L_PEAK_03,127.80208333333333,212.5,79.0,160.75,712.0,0.0,14.381896537999637,83,m5_seeded_local_search,M7_REPAIR_LS,L,peak,3,78.88541666666667,127.0,671.0,0.0,0.6200977155684667,0.6732283464566929,0.06110283159463487,0.0,L__peak,test,R02_R03,156,156,0.034210526315789476,0,156,156,0.0,2.5416666666666665,13,96,4560,0.09973753280839895,0.10827012196527792,0.0821917808219178,0.0,0.08427818737838669,0.08398464530402269,M0_FIFO_OFFICIAL,0.00029354207436399217,hard,True
GO_L_PEAK_03,226.45833333333334,342.5,177.46875,291.5,797.0,788.5,3.8842878699997527,83,metaheuristic_workers_4,M4_METAHEURISTIC_L,L,peak,3,78.88541666666667,127.0,671.0,0.0,1.8707249438795723,1.6968503937007875,0.18777943368107303,788.5,L__peak,test,R02_R03,643,643,0.14100877192982456,0,643,643,0.0,10.9375,46,96,4560,0.25138524351122776,0.3266317755285547,0.24853228962818003,0.03164982489237655,0.23680862064027466,0.23651507856591067,M0_FIFO_OFFICIAL,0.00029354207436399217,hard,False
GO_M_BALANCED_01,55.354166666666664,68.0,4.3125,14.0,673.0,0.0,0.0,1,official_release,M0_FIFO_OFFICIAL,M,balanced,1,55.354166666666664,68.0,673.0,0.0,0.0,0.0,0.0,0.0,M__balanced,calibration,R01,0,0,0.0,0,0,0,0.0,0.0,0,48,1128,0.0,0.0,0.01284796573875803,0.0,0.0019271948608137043,0.0,M0_FIFO_OFFICIAL,0.0019271948608137043,hard,True
GO_M_BALANCED_01,530.4791666666666,897.85,479.1666666666667,848.75,1134.0,12106.0,0.2653434499998184,1,heuristic_feasible,M1_WEIGHTED_SLACK,M,balanced,1,55.354166666666664,68.0,673.0,0.0,8.58336469702672,12.203676470588235,0.6849925705794948,12106.0,M__balanced,calibration,R01,724,724,0.6418439716312057,0,724,724,0.0,18.875,42,48,1128,0.9431185361972954,1.0,1.0,1.0,0.9744033412887829,0.9724761464279692,M0_FIFO_OFFICIAL,0.0019271948608137043,hard,False
GO_M_BALANCED_01,370.1458333333333,628.0999999999999,318.3541666666667,573.15,1013.0,6158.75,0.2066060289998859,1,heuristic_feasible,M1_SPT,M,balanced,1,55.354166666666664,68.0,673.0,0.0,5.686864885208882,8.23676470588235,0.5052005943536404,6158.75,M__balanced,calibration,R01,462,462,0.4095744680851064,1,461,461,0.0021645021645021645,14.0,38,48,1128,0.6365496079099897,0.6625449443129001,0.7408993576017131,0.5087353378490005,0.6395287639553274,0.6376015690945137,M0_FIFO_OFFICIAL,0.0019271948608137043,hard,False
GO_M_BALANCED_01,84.16666666666667,145.14999999999998,32.208333333333336,92.74999999999997,732.0,0.0,0.22942100300042512,1,heuristic_feasible,M1_EDD,M,balanced,1,55.354166666666664,68.0,673.0,0.0,0.520511855476101,1.1345588235294115,0.08766716196136701,0.0,M__balanced,calibration,R01,47,47,0.041666666666666664,1,46,46,0.02127659574468085,1.5416666666666667,7,48,1128,0.08768041822934423,0.06064193633254409,0.139186295503212,0.0,0.07549461661182272,0.07356742175100901,M0_FIFO_OFFICIAL,0.0019271948608137043,hard,True
GO_M_BALANCED_01,496.1875,947.8999999999999,444.0833333333333,899.8999999999999,1124.0,11217.75,0.21920190499986347,1,heuristic_feasible,M1_CR,M,balanced,1,55.354166666666664,68.0,673.0,0.0,7.963869025216409,12.93970588235294,0.6701337295690936,11217.75,M__balanced,calibration,R01,707,707,0.62677304964539,0,707,707,0.0,18.666666666666668,44,48,1128,1.0,0.927826010698939,0.9785867237687366,0.926627292251776,0.9677386050778116,0.9658114102169979,M0_FIFO_OFFICIAL,0.0019271948608137043,hard,False
GO_M_BALANCED_01,503.375,749.15,451.1875,694.8,1096.0,10772.75,0.3035884470000383,1,heuristic_feasible,M1_WSPT,M,balanced,1,55.354166666666664,68.0,673.0,0.0,8.093714715844937,10.016911764705881,0.6285289747399703,10772.75,M__balanced,calibration,R01,610,610,0.5407801418439716,0,610,610,0.0,17.791666666666668,38,48,1128,0.7741220593249234,0.9429536086994651,0.9186295503211992,0.8898686601685115,0.8553680604445384,0.8534408655837247,M0_FIFO_OFFICIAL,0.0019271948608137043,hard,False
GO_M_BALANCED_01,379.5833333333333,753.6,327.6875,701.3,986.0,6766.0,0.17126196099980007,1,heuristic_feasible,M1_MWKR,M,balanced,1,55.354166666666664,68.0,673.0,0.0,5.85735792246895,10.08235294117647,0.4650817236255572,6766.0,M__balanced,calibration,R01,569,569,0.5044326241134752,0,569,569,0.0,16.208333333333332,44,48,1128,0.7791794522104786,0.6824081382092432,0.683083511777302,0.558896415000826,0.7075297770637453,0.7056025822029316,M0_FIFO_OFFICIAL,0.0019271948608137043,hard,False
GO_M_BALANCED_01,507.125,860.4499999999999,455.3958333333333,812.05,1110.0,10952.25,0.14680509199934022,1,heuristic_feasible,M1_ATC_CANONICAL,M,balanced,1,55.354166666666664,68.0,673.0,0.0,8.16146029356417,11.653676470588234,0.649331352154532,10952.25,M__balanced,calibration,R01,718,718,0.6365248226950354,0,718,718,0.0,19.166666666666668,39,48,1128,0.9006137061029663,0.9508462685258267,0.9486081370449678,0.9046960185032216,0.9209833582100199,0.9190561633492061,M0_FIFO_OFFICIAL,0.0019271948608137043,hard,False
GO_M_BALANCED_01,172.14583333333334,273.55,8.645833333333334,21.0,834.0,0.0,7.064273955999852,56,heuristic_online_replay,M2_PERIODIC_15,M,balanced,1,55.354166666666664,68.0,673.0,0.0,2.1098983816334216,3.022794117647059,0.23922734026745915,0.0,M__balanced,calibration,R01,89,89,0.07890070921985816,0,89,89,0.0,2.9583333333333335,8,48,1128,0.23360609160131837,0.24581250548101383,0.3576017130620985,0.0,0.22021612455016149,0.2182889296893478,M0_FIFO_OFFICIAL,0.0019271948608137043,hard,False
GO_M_BALANCED_01,183.33333333333334,287.65,15.270833333333334,38.599999999999994,870.0,0.0,1.677564065000297,29,heuristic_online_replay,M2_PERIODIC_30,M,balanced,1,55.354166666666664,68.0,673.0,0.0,2.312006021829131,3.2301470588235293,0.29271916790490343,0.0,M__balanced,calibration,R01,85,85,0.07535460992907801,0,85,85,0.0,2.8333333333333335,8,48,1128,0.24963063984543699,0.2693589406296589,0.4346895074946467,0.0,0.24487694921205838,0.2429497543512447,M0_FIFO_OFFICIAL,0.0019271948608137043,hard,False
GO_M_BALANCED_01,66.27083333333333,101.25,5.145833333333333,25.54999999999999,667.0,0.0,3.9532219390002865,79,heuristic_online_replay,M3_EVENT_REACTIVE,M,balanced,1,55.354166666666664,68.0,673.0,0.0,0.1972149040270982,0.4889705882352941,-0.008915304606240713,0.0,M__balanced,calibration,R01,8,8,0.0070921985815602835,1,7,7,0.125,0.3333333333333333,3,48,1128,0.03778838504375498,0.022976409716741208,0.0,0.0,0.022748875698875043,0.020821680838061338,M0_FIFO_OFFICIAL,0.0019271948608137043,hard,True
GO_M_BALANCED_01,60.395833333333336,83.25,3.3333333333333335,18.0,667.0,0.0,3.9649432730002445,79,heuristic_online_replay,M5_ATC_EVENT,M,balanced,1,55.354166666666664,68.0,673.0,0.0,0.09108016560030117,0.22426470588235295,-0.008915304606240713,0.0,M__balanced,calibration,R01,4,4,0.0035460992907801418,1,3,3,0.25,0.16666666666666666,1,48,1128,0.017331514944880104,0.010611242655441562,0.0,0.0,0.010451992389056437,0.008524797528242731,M0_FIFO_OFFICIAL,0.0019271948608137043,hard,True
GO_M_BALANCED_01,66.27083333333333,101.25,5.145833333333333,25.54999999999999,667.0,0.0,3.9583594140003697,79,heuristic_online_replay,M6_FIFO_PRIORITY_EVENT,M,balanced,1,55.354166666666664,68.0,673.0,0.0,0.1972149040270982,0.4889705882352941,-0.008915304606240713,0.0,M__balanced,calibration,R01,8,8,0.0070921985815602835,1,7,7,0.125,0.3333333333333333,3,48,1128,0.03778838504375498,0.022976409716741208,0.0,0.0,0.022748875698875043,0.020821680838061338,M0_FIFO_OFFICIAL,0.0019271948608137043,hard,True
GO_M_BALANCED_01,61.479166666666664,79.65,9.708333333333334,28.599999999999994,674.0,0.0,6.858008275998145,47,m5_seeded_local_search,M7_REPAIR_LS,M,balanced,1,55.354166666666664,68.0,673.0,0.0,0.11065111027474596,0.1713235294117648,0.0014858841010401188,0.0,M__balanced,calibration,R01,5,5,0.004432624113475178,0,5,5,0.0,0.20833333333333334,2,48,1128,0.013240140925105134,0.012891344383057092,0.014989293361884369,0.0,0.011429293516344238,0.009502098655530533,M0_FIFO_OFFICIAL,0.0019271948608137043,hard,True
GO_M_BALANCED_02,54.1875,68.65,3.7708333333333335,21.54999999999999,693.0,0.0,0.0,1,official_release,M0_FIFO_OFFICIAL,M,balanced,2,54.1875,68.65,693.0,0.0,0.0,0.0,0.0,0.0,M__balanced,test,R02_R03,0,0,0.0,0,0,0,0.0,0.0,0,48,1128,0.0,0.0,0.0,0.0,0.0,0.0,M0_FIFO_OFFICIAL,0.0,easy,True
GO_M_BALANCED_02,433.8541666666667,847.3,382.7708333333333,799.9499999999999,1031.0,9061.5,0.23086986399994203,1,heuristic_feasible,M1_WEIGHTED_SLACK,M,balanced,2,54.1875,68.65,693.0,0.0,7.006535947712418,11.342316096139838,0.48773448773448774,9061.5,M__balanced,test,R02_R03,720,720,0.6382978723404256,0,720,720,0.0,19.583333333333332,41,48,1128,0.9455373406193078,0.8593388975338332,0.845,0.7760292889716744,0.883480921007898,0.883480921007898,M0_FIFO_OFFICIAL,0.0,easy,False
GO_M_BALANCED_02,441.6875,843.75,390.3958333333333,781.05,1042.0,9775.5,0.18166280800051027,1,heuristic_feasible,M1_SPT,M,balanced,2,54.1875,68.65,693.0,0.0,7.151095732410611,11.29060451565914,0.5036075036075036,9775.5,M__balanced,test,R02_R03,543,543,0.48138297872340424,0,543,543,0.0,15.0,46,48,1128,0.9412264723740134,0.8770688923468666,0.8725,0.8371764403622584,0.8992706017093615,0.8992706017093615,M0_FIFO_OFFICIAL,0.0,easy,False
GO_M_BALANCED_02,80.3125,127.89999999999999,29.625,77.94999999999999,693.0,0.0,0.217142213000443,1,heuristic_feasible,M1_EDD,M,balanced,2,54.1875,68.65,693.0,0.0,0.48212226066897346,0.8630735615440638,0.0,0.0,M__balanced,test,R02_R03,50,50,0.044326241134751775,0,50,50,0.0,1.7916666666666667,10,48,1128,0.07194899817850636,0.05913141887112746,0.0,0.0,0.04715990389810973,0.04715990389810973,M0_FIFO_OFFICIAL,0.0,easy,True
GO_M_BALANCED_02,459.6458333333333,892.15,408.6875,845.15,1079.0,9947.25,0.2654098610000801,1,heuristic_feasible,M1_CR,M,balanced,2,54.1875,68.65,693.0,0.0,7.482506728181468,11.99563000728332,0.556998556998557,9947.25,M__balanced,test,R02_R03,687,687,0.6090425531914894,0,687,687,0.0,19.125,45,48,1128,1.0,0.9177158485405762,0.965,0.8518851564005395,0.951961735595225,0.951961735595225,M0_FIFO_OFFICIAL,0.0,easy,False
GO_M_BALANCED_02,476.6875,813.9999999999999,425.875,756.0999999999999,1068.0,10238.5,0.2811595089997354,1,heuristic_feasible,M1_WSPT,M,balanced,2,54.1875,68.65,693.0,0.0,7.797001153402538,10.85724690458849,0.5411255411255411,10238.5,M__balanced,test,R02_R03,535,535,0.47429078014184395,0,535,535,0.0,15.291666666666666,47,48,1128,0.9051001821493624,0.9562880181072287,0.9375,0.8768278844712784,0.9185162691647121,0.9185162691647121,M0_FIFO_OFFICIAL,0.0,easy,False
GO_M_BALANCED_02,291.1458333333333,659.15,240.3125,612.8,890.0,3714.25,0.1688524769997457,1,heuristic_feasible,M1_MWKR,M,balanced,2,54.1875,68.65,693.0,0.0,4.372933487120338,8.601602330662782,0.2842712842712843,3714.25,M__balanced,test,R02_R03,479,479,0.424645390070922,0,479,479,0.0,13.666666666666666,43,48,1128,0.7170613236187007,0.5363323430942613,0.4925,0.3180893656197144,0.5783490862449377,0.5783490862449377,M0_FIFO_OFFICIAL,0.0,easy,False
GO_M_BALANCED_02,496.0,875.5,444.5833333333333,819.55,1093.0,11676.75,0.14341177999995125,1,heuristic_feasible,M1_ATC_CANONICAL,M,balanced,2,54.1875,68.65,693.0,0.0,8.153402537485583,11.753095411507648,0.5772005772005772,11676.75,M__balanced,test,R02_R03,745,745,0.6604609929078015,0,745,745,0.0,20.166666666666668,45,48,1128,0.9797814207650274,1.0,1.0,1.0,0.9909016393442625,0.9909016393442625,M0_FIFO_OFFICIAL,0.0,easy,False
GO_M_BALANCED_02,133.64583333333334,196.3,7.166666666666667,18.65,749.0,0.0,4.953164251000089,50,heuristic_online_replay,M2_PERIODIC_15,M,balanced,2,54.1875,68.65,693.0,0.0,1.4663590926566707,1.8594319009468316,0.08080808080808081,0.0,M__balanced,test,R02_R03,59,59,0.05230496453900709,0,59,59,0.0,2.0416666666666665,9,48,1128,0.15500910746812388,0.1798462771726317,0.14,0.0,0.13571566765381365,0.13571566765381365,M0_FIFO_OFFICIAL,0.0,easy,True
GO_M_BALANCED_02,143.16666666666666,199.25,16.770833333333332,34.949999999999996,771.0,0.0,1.4761326289999488,26,heuristic_online_replay,M2_PERIODIC_30,M,balanced,2,54.1875,68.65,693.0,0.0,1.642060745866974,1.9024034959941731,0.11255411255411256,0.0,M__balanced,test,R02_R03,64,64,0.05673758865248227,0,64,64,0.0,2.1666666666666665,9,48,1128,0.1585913782635094,0.20139576554911112,0.195,0.0,0.15096506160585701,0.15096506160585701,M0_FIFO_OFFICIAL,0.0,easy,False
GO_M_BALANCED_02,56.979166666666664,75.3,3.4583333333333335,14.0,693.0,0.0,3.4762288609999814,71,heuristic_online_replay,M3_EVENT_REACTIVE,M,balanced,2,54.1875,68.65,693.0,0.0,0.051518646674355975,0.09686817188638006,0.0,0.0,M__balanced,test,R02_R03,1,1,0.0008865248226950354,0,1,1,0.0,0.041666666666666664,1,48,1128,0.008075288403157245,0.0063186683642193564,0.0,0.0,0.0052135468724756,0.0052135468724756,M0_FIFO_OFFICIAL,0.0,easy,True
GO_M_BALANCED_02,58.604166666666664,89.94999999999999,3.5625,16.65,693.0,0.0,3.5972430829997393,71,heuristic_online_replay,M5_ATC_EVENT,M,balanced,2,54.1875,68.65,693.0,0.0,0.08150711264898111,0.3102694828841949,0.0,0.0,M__balanced,test,R02_R03,1,1,0.0008865248226950354,0,1,1,0.0,0.041666666666666664,1,48,1128,0.025865209471766827,0.009996699203093313,0.0,0.0,0.0141385190630684,0.0141385190630684,M0_FIFO_OFFICIAL,0.0,easy,True
GO_M_BALANCED_02,56.979166666666664,75.3,3.4583333333333335,14.0,693.0,0.0,3.58728617000088,71,heuristic_online_replay,M6_FIFO_PRIORITY_EVENT,M,balanced,2,54.1875,68.65,693.0,0.0,0.051518646674355975,0.09686817188638006,0.0,0.0,M__balanced,test,R02_R03,1,1,0.0008865248226950354,0,1,1,0.0,0.041666666666666664,1,48,1128,0.008075288403157245,0.0063186683642193564,0.0,0.0,0.0052135468724756,0.0052135468724756,M0_FIFO_OFFICIAL,0.0,easy,True
GO_M_BALANCED_02,59.1875,78.0,8.520833333333334,29.599999999999994,693.0,0.0,6.620052083000701,41,m5_seeded_local_search,M7_REPAIR_LS,M,balanced,2,54.1875,68.65,693.0,0.0,0.0922722029988466,0.13619810633648935,0.0,0.0,M__balanced,test,R02_R03,1,1,0.0008865248226950354,0,1,1,0.0,0.041666666666666664,1,48,1128,0.011353976927747412,0.011317017965766021,0.0,0.0,0.007938544108927841,0.007938544108927841,M0_FIFO_OFFICIAL,0.0,easy,True
GO_M_BALANCED_03,54.020833333333336,63.0,2.5833333333333335,11.649999999999999,665.0,0.0,0.0,1,official_release,M0_FIFO_OFFICIAL,M,balanced,3,54.020833333333336,63.0,665.0,0.0,0.0,0.0,0.0,0.0,M__balanced,test,R02_R03,0,0,0.0,0,0,0,0.0,0.0,0,48,1128,0.0,0.0,0.0,0.0,0.0,0.0,M0_FIFO_OFFICIAL,0.0,easy,True
GO_M_BALANCED_03,424.3333333333333,677.25,372.8541666666667,628.55,982.0,8492.5,0.2540241059996333,1,heuristic_feasible,M1_WEIGHTED_SLACK,M,balanced,3,54.020833333333336,63.0,665.0,0.0,6.854994215194755,9.75,0.4766917293233083,8492.5,M__balanced,test,R02_R03,501,501,0.4441489361702128,0,501,501,0.0,15.208333333333334,38,48,1128,0.91,0.9889834752128193,0.9519519519519519,0.7890641332373232,0.9178982815815961,0.9178982815815961,M0_FIFO_OFFICIAL,0.0,easy,False
GO_M_BALANCED_03,313.4583333333333,641.05,261.1458333333333,584.8,883.0,5377.5,0.17411182900013955,1,heuristic_feasible,M1_SPT,M,balanced,3,54.020833333333336,63.0,665.0,0.0,4.802545314307752,9.175396825396824,0.32781954887218046,5377.5,M__balanced,test,R02_R03,509,509,0.4512411347517731,0,509,509,0.0,15.416666666666666,36,48,1128,0.8563703703703703,0.6928726422967785,0.6546546546546547,0.4996399619056468,0.7317290197249064,0.7317290197249064,M0_FIFO_OFFICIAL,0.0,easy,False
GO_M_BALANCED_03,94.02083333333333,146.24999999999997,42.3125,89.89999999999996,671.0,0.0,0.28524955100056104,1,heuristic_feasible,M1_EDD,M,balanced,3,54.020833333333336,63.0,665.0,0.0,0.7404550713459311,1.321428571428571,0.009022556390977444,0.0,M__balanced,test,R02_R03,45,45,0.0398936170212766,0,45,45,0.0,1.7083333333333333,3,48,1128,0.1233333333333333,0.10682690702720746,0.018018018018018018,0.0,0.08490942945950455,0.08490942945950455,M0_FIFO_OFFICIAL,0.0,easy,True
GO_M_BALANCED_03,402.25,684.95,350.2916666666667,637.65,985.0,7922.75,0.20638632600002893,1,heuristic_feasible,M1_CR,M,balanced,3,54.020833333333336,63.0,665.0,0.0,6.446201311222522,9.872222222222224,0.48120300751879697,7922.75,M__balanced,test,R02_R03,523,523,0.46365248226950356,0,523,523,0.0,15.708333333333334,33,48,1128,0.9214074074074075,0.9300061202915485,0.960960960960961,0.7361269192353256,0.9016980454356635,0.9016980454356635,M0_FIFO_OFFICIAL,0.0,easy,False
GO_M_BALANCED_03,384.9791666666667,687.6999999999999,333.25,636.35,936.0,6816.25,0.3474880839994512,1,heuristic_feasible,M1_WSPT,M,balanced,3,54.020833333333336,63.0,665.0,0.0,6.126494408021597,9.915873015873014,0.4075187969924812,6816.25,M__balanced,test,R02_R03,491,491,0.4352836879432624,0,491,491,0.0,14.708333333333334,33,48,1128,0.9254814814814813,0.8838813776219886,0.8138138138138138,0.6333186220993705,0.8545068764591414,0.8545068764591414,M0_FIFO_OFFICIAL,0.0,easy,False
GO_M_BALANCED_03,428.4166666666667,668.65,376.1666666666667,620.1,952.0,10762.75,0.14417829500052903,1,heuristic_feasible,M1_MWKR,M,balanced,3,54.020833333333336,63.0,665.0,0.0,6.9305823370613195,9.613492063492064,0.43157894736842106,10762.75,M__balanced,test,R02_R03,501,501,0.4441489361702128,0,501,501,0.0,16.041666666666668,30,48,1128,0.8972592592592592,0.9998887219718468,0.8618618618618619,1.0,0.9330181264389077,0.9330181264389077,M0_FIFO_OFFICIAL,0.0,easy,False
GO_M_BALANCED_03,428.4583333333333,738.0,376.375,683.4499999999999,998.0,8704.75,0.14288253699942288,1,heuristic_feasible,M1_ATC_CANONICAL,M,balanced,3,54.020833333333336,63.0,665.0,0.0,6.931353644427304,10.714285714285714,0.5007518796992482,8704.75,M__balanced,test,R02_R03,498,498,0.44148936170212766,0,498,498,0.0,14.958333333333334,35,48,1128,1.0,1.0,1.0,0.8087849295022183,0.9713177394253327,0.9713177394253327,M0_FIFO_OFFICIAL,0.0,easy,False
GO_M_BALANCED_03,137.45833333333334,200.6,5.229166666666667,13.0,736.0,0.0,5.073616535999463,49,heuristic_online_replay,M2_PERIODIC_15,M,balanced,3,54.020833333333336,63.0,665.0,0.0,1.5445430003856535,2.184126984126984,0.10676691729323308,0.0,M__balanced,test,R02_R03,77,77,0.06826241134751773,0,77,77,0.0,2.7083333333333335,5,48,1128,0.20385185185185184,0.2228342513770656,0.2132132132132132,0.0,0.17942387815958172,0.17942387815958172,M0_FIFO_OFFICIAL,0.0,easy,False
GO_M_BALANCED_03,135.625,203.65,16.375,44.949999999999996,748.0,0.0,1.3778893540002173,25,heuristic_online_replay,M2_PERIODIC_30,M,balanced,3,54.020833333333336,63.0,665.0,0.0,1.5106054762822982,2.2325396825396826,0.12481203007518797,0.0,M__balanced,test,R02_R03,74,74,0.06560283687943262,0,74,74,0.0,2.625,5,48,1128,0.20837037037037037,0.21793801813831856,0.24924924924924924,0.0,0.1856385585886337,0.1856385585886337,M0_FIFO_OFFICIAL,0.0,easy,False
GO_M_BALANCED_03,60.25,82.89999999999999,3.6875,13.299999999999997,665.0,0.0,3.3062497519995304,70,heuristic_online_replay,M3_EVENT_REACTIVE,M,balanced,3,54.020833333333336,63.0,665.0,0.0,0.11531045121480905,0.31587301587301575,0.0,0.0,M__balanced,test,R02_R03,2,2,0.0017730496453900709,0,2,2,0.0,0.08333333333333333,1,48,1128,0.02948148148148147,0.01663606520892449,0.0,0.0,0.017425682968897783,0.017425682968897783,M0_FIFO_OFFICIAL,0.0,easy,True
GO_M_BALANCED_03,59.479166666666664,77.94999999999999,2.9375,11.299999999999997,665.0,0.0,3.4083060650000334,70,heuristic_online_replay,M5_ATC_EVENT,M,balanced,3,54.020833333333336,63.0,665.0,0.0,0.10104126494408013,0.23730158730158712,0.0,0.0,M__balanced,test,R02_R03,1,1,0.0008865248226950354,0,1,1,0.0,0.041666666666666664,1,48,1128,0.022148148148148132,0.014577421688087674,0.0,0.0,0.013611022088688578,0.013611022088688578,M0_FIFO_OFFICIAL,0.0,easy,True
GO_M_BALANCED_03,60.25,82.89999999999999,3.6875,13.299999999999997,665.0,0.0,3.352827344999241,70,heuristic_online_replay,M6_FIFO_PRIORITY_EVENT,M,balanced,3,54.020833333333336,63.0,665.0,0.0,0.11531045121480905,0.31587301587301575,0.0,0.0,M__balanced,test,R02_R03,2,2,0.0017730496453900709,0,2,2,0.0,0.08333333333333333,1,48,1128,0.02948148148148147,0.01663606520892449,0.0,0.0,0.017425682968897783,0.017425682968897783,M0_FIFO_OFFICIAL,0.0,easy,True
GO_M_BALANCED_03,56.145833333333336,67.65,4.395833333333333,13.0,665.0,0.0,6.38510038899949,42,m5_seeded_local_search,M7_REPAIR_LS,M,balanced,3,54.020833333333336,63.0,665.0,0.0,0.039336675665252605,0.0738095238095239,0.0,0.0,M__balanced,test,R02_R03,1,1,0.0008865248226950354,0,1,1,0.0,0.041666666666666664,1,48,1128,0.0068888888888888975,0.005675179435820397,0.0,0.0,0.004518794858955103,0.004518794858955103,M0_FIFO_OFFICIAL,0.0,easy,True
GO_M_DISRUPTED_01,100.625,156.54999999999998,43.96875,99.54999999999998,653.0,0.0,0.0,1,official_release,M0_FIFO_OFFICIAL,M,disrupted,1,100.625,156.54999999999998,653.0,0.0,0.0,0.0,0.0,0.0,M__disrupted,calibration,R01,0,0,0.0,0,0,0,0.0,0.0,0,64,2016,0.0,0.0,0.0,0.0,0.0,0.0,M0_FIFO_OFFICIAL,0.0,easy,True
GO_M_DISRUPTED_01,578.375,1034.25,521.59375,979.0999999999999,1163.0,18667.75,0.30457221799952094,1,heuristic_feasible,M1_WEIGHTED_SLACK,M,disrupted,1,100.625,156.54999999999998,653.0,0.0,4.747826086956522,5.606515490258704,0.781010719754977,18667.75,M__disrupted,calibration,R01,1311,1311,0.6502976190476191,3,1308,1308,0.002288329519450801,26.53125,58,64,2016,0.9042860086544406,0.9036262079971629,0.7894736842105263,0.8481871052751148,0.8784843743166353,0.8784843743166353,M0_FIFO_OFFICIAL,0.0,easy,False
GO_M_DISRUPTED_01,531.3125,919.8999999999999,474.046875,858.7999999999998,1138.0,17333.25,0.2607511409996732,1,heuristic_feasible,M1_SPT,M,disrupted,1,100.625,156.54999999999998,653.0,0.0,4.280124223602485,4.8760779303736825,0.7427258805513017,17333.25,M__disrupted,calibration,R01,946,946,0.46924603174603174,0,946,946,0.0,20.375,53,64,2016,0.786472285184422,0.8146112243993262,0.7507739938080495,0.7875528193011949,0.7883143563992081,0.7883143563992081,M0_FIFO_OFFICIAL,0.0,easy,False
GO_M_DISRUPTED_01,182.75,285.0,126.1875,231.54999999999998,781.0,0.0,0.31256172600024,1,heuristic_feasible,M1_EDD,M,disrupted,1,100.625,156.54999999999998,653.0,0.0,0.8161490683229814,0.8205046311082723,0.19601837672281777,0.0,M__disrupted,calibration,R01,206,206,0.10218253968253968,0,206,206,0.0,4.71875,13,64,2016,0.1323408201112714,0.1553329195850696,0.19814241486068113,0.0,0.1281079611754417,0.1281079611754417,M0_FIFO_OFFICIAL,0.0,easy,True
GO_M_DISRUPTED_01,583.75,1039.35,527.3125,979.85,1200.0,19833.75,0.2575502139998207,1,heuristic_feasible,M1_CR,M,disrupted,1,100.625,156.54999999999998,653.0,0.0,4.801242236024844,5.63909294155222,0.8376722817764165,19833.75,M__disrupted,calibration,R01,1289,1289,0.6393849206349206,7,1282,1282,0.005430566330488751,25.71875,56,64,2016,0.909540490418298,0.9137925939060791,0.846749226006192,0.9011654323231405,0.8999285679141538,0.8999285679141538,M0_FIFO_OFFICIAL,0.0,easy,False
GO_M_DISRUPTED_01,549.59375,985.8,492.953125,926.1499999999999,1226.0,17099.75,0.4473614409998845,1,heuristic_feasible,M1_WSPT,M,disrupted,1,100.625,156.54999999999998,653.0,0.0,4.4618012422360245,5.297029702970297,0.877488514548239,17099.75,M__disrupted,calibration,R01,1076,1076,0.5337301587301587,5,1071,1071,0.004646840148698885,22.40625,53,64,2016,0.8543684318977952,0.8491887578686054,0.8869969040247678,0.7769435231041847,0.8463540478905021,0.8463540478905021,M0_FIFO_OFFICIAL,0.0,easy,False
GO_M_DISRUPTED_01,535.953125,975.8499999999997,479.359375,922.3999999999996,1177.0,18880.0,0.19628606399965065,1,heuristic_feasible,M1_MWKR,M,disrupted,1,100.625,156.54999999999998,653.0,0.0,4.326242236024845,5.2334717342702,0.8024502297090352,18880.0,M__disrupted,calibration,R01,948,948,0.47023809523809523,2,946,946,0.002109704641350211,21.53125,58,64,2016,0.8441170410055634,0.8233885982799893,0.8111455108359134,0.85783088736426,0.8360462777525268,0.8360462777525268,M0_FIFO_OFFICIAL,0.0,easy,False
GO_M_DISRUPTED_01,629.328125,1127.1499999999999,572.734375,1068.1499999999999,1299.0,22009.0,0.18029636800019944,1,heuristic_feasible,M1_ATC_CANONICAL,M,disrupted,1,100.625,156.54999999999998,653.0,0.0,5.254192546583851,6.199936122644522,0.9892802450229708,22009.0,M__disrupted,calibration,R01,1287,1287,0.6383928571428571,56,1231,1231,0.04351204351204351,26.5625,58,64,2016,1.0,1.0,1.0,1.0,1.0,1.0,M0_FIFO_OFFICIAL,0.0,easy,False
GO_M_DISRUPTED_01,286.359375,402.85,9.765625,24.849999999999994,911.0,1650.5,11.70101373199941,61,heuristic_online_replay,M2_PERIODIC_15,M,disrupted,1,100.625,156.54999999999998,653.0,0.0,1.845807453416149,1.5732992654104125,0.39509954058192953,1650.5,M__disrupted,calibration,R01,232,232,0.11507936507936507,0,232,232,0.0,5.4375,12,64,2016,0.2537605604780549,0.35130182935839466,0.3993808049535604,0.07499204870734699,0.2731736376038595,0.2731736376038595,M0_FIFO_OFFICIAL,0.0,easy,False
GO_M_DISRUPTED_01,272.96875,389.0,18.421875,39.0,892.0,939.5,2.5326076960000137,30,heuristic_online_replay,M2_PERIODIC_30,M,disrupted,1,100.625,156.54999999999998,653.0,0.0,1.7127329192546583,1.484829128074098,0.3660030627871363,939.5,M__disrupted,calibration,R01,233,233,0.11557539682539683,0,233,233,0.0,5.5,13,64,2016,0.23949103647228523,0.3259745249283329,0.369969040247678,0.042687082557135714,0.25116301606533364,0.25116301606533364,M0_FIFO_OFFICIAL,0.0,easy,False
GO_M_DISRUPTED_01,148.515625,228.85,19.71875,99.8999999999998,721.0,0.0,6.684534254000027,91,heuristic_online_replay,M3_EVENT_REACTIVE,M,disrupted,1,100.625,156.54999999999998,653.0,0.0,0.47593167701863354,0.46183328010220387,0.10413476263399694,0.0,M__disrupted,calibration,R01,115,115,0.05704365079365079,0,115,115,0.0,2.96875,12,64,2016,0.07449000618174327,0.09058131631054762,0.10526315789473684,0.0,0.0719553055436319,0.0719553055436319,M0_FIFO_OFFICIAL,0.0,easy,True
GO_M_DISRUPTED_01,120.015625,192.7,16.265625,56.099999999999966,680.0,0.0,6.510946955000691,91,heuristic_online_replay,M5_ATC_EVENT,M,disrupted,1,100.625,156.54999999999998,653.0,0.0,0.19270186335403727,0.23091664005110193,0.04134762633996937,0.0,M__disrupted,calibration,R01,94,94,0.04662698412698413,1,93,93,0.010638297872340425,2.5,10,64,2016,0.037245003090871635,0.03667582823536365,0.04179566563467492,0.0,0.032198558294934385,0.032198558294934385,M0_FIFO_OFFICIAL,0.0,easy,True
GO_M_DISRUPTED_01,145.828125,218.85,20.34375,91.85,698.0,0.0,6.7444965340000635,91,heuristic_online_replay,M6_FIFO_PRIORITY_EVENT,M,disrupted,1,100.625,156.54999999999998,653.0,0.0,0.4492236024844721,0.3979559246247206,0.06891271056661562,0.0,M__disrupted,calibration,R01,119,119,0.059027777777777776,1,118,118,0.008403361344537815,3.03125,12,64,2016,0.06418710076241502,0.08549812335608949,0.0696594427244582,0.0,0.06070764259077786,0.06070764259077786,M0_FIFO_OFFICIAL,0.0,easy,True
GO_M_DISRUPTED_01,161.21875,250.09999999999997,104.34375,192.7,745.0,0.0,9.389187883998602,52,m5_seeded_local_search,M7_REPAIR_LS,M,disrupted,1,100.625,156.54999999999998,653.0,0.0,0.6021739130434782,0.5975726604918556,0.14088820826952528,0.0,M__disrupted,calibration,R01,109,109,0.05406746031746032,1,108,108,0.009174311926605505,2.75,10,64,2016,0.09638368019781578,0.11460826905458522,0.14241486068111456,0.0,0.0933869524548306,0.0933869524548306,M0_FIFO_OFFICIAL,0.0,easy,True
GO_M_DISRUPTED_02,83.90625,120.0,32.046875,73.09999999999997,589.0,0.0,0.0,1,official_release,M0_FIFO_OFFICIAL,M,disrupted,2,83.90625,120.0,589.0,0.0,0.0,0.0,0.0,0.0,M__disrupted,test,R02_R03,0,0,0.0,0,0,0,0.0,0.0,0,64,2016,0.0,0.0,0.0,0.0,0.0,0.0,M0_FIFO_OFFICIAL,0.0,easy,True
GO_M_DISRUPTED_02,531.015625,941.4999999999998,479.515625,890.4999999999998,1105.0,16564.0,0.2505102609993628,1,heuristic_feasible,M1_WEIGHTED_SLACK,M,disrupted,2,83.90625,120.0,589.0,0.0,5.328677839851024,6.845833333333331,0.8760611205432938,16564.0,M__disrupted,test,R02_R03,1092,1092,0.5416666666666666,0,1092,1092,0.0,23.3125,56,64,2016,0.9999391394315621,0.938689148405721,0.9068541300527241,0.8962233524510335,0.9551065222211969,0.9551065222211969,M0_FIFO_OFFICIAL,0.0,easy,False
GO_M_DISRUPTED_02,474.6875,870.3999999999993,423.375,812.3499999999992,1027.0,15436.0,0.27634319700064225,1,heuristic_feasible,M1_SPT,M,disrupted,2,83.90625,120.0,589.0,0.0,4.657355679702048,6.253333333333328,0.7436332767402377,15436.0,M__disrupted,test,R02_R03,868,868,0.4305555555555556,0,868,868,0.0,19.25,52,64,2016,0.913395411113139,0.8204303897126362,0.7697715289982425,0.8351909966453847,0.8568799112756156,0.8568799112756156,M0_FIFO_OFFICIAL,0.0,easy,False
GO_M_DISRUPTED_02,193.15625,315.4,141.96875,260.25,755.0,0.0,0.31157245299982606,1,heuristic_feasible,M1_EDD,M,disrupted,2,83.90625,120.0,589.0,0.0,1.302048417132216,1.6283333333333332,0.28183361629881154,0.0,M__disrupted,test,R02_R03,219,219,0.10863095238095238,0,219,219,0.0,5.375,15,64,2016,0.23784310145456758,0.22936622490486813,0.29173989455184535,0.0,0.20813193606354924,0.20813193606354924,M0_FIFO_OFFICIAL,0.0,easy,False
GO_M_DISRUPTED_02,548.03125,923.4,496.3125,876.5,1136.0,18360.75,0.2826063760003308,1,heuristic_feasible,M1_CR,M,disrupted,2,83.90625,120.0,589.0,0.0,5.53147113594041,6.694999999999999,0.9286926994906621,18360.75,M__disrupted,test,R02_R03,1105,1105,0.5481150793650794,1,1104,1104,0.0009049773755656109,24.40625,55,64,2016,0.9779076136571115,0.9744128067182785,0.961335676625659,0.9934395628178768,0.9768779137418002,0.9768779137418002,M0_FIFO_OFFICIAL,0.0,easy,False
GO_M_DISRUPTED_02,478.640625,850.55,426.75,799.5999999999999,1075.0,13905.25,0.45343074399988836,1,heuristic_feasible,M1_WSPT,M,disrupted,2,83.90625,120.0,589.0,0.0,4.704469273743017,6.087916666666667,0.8251273344651953,13905.25,M__disrupted,test,R02_R03,963,963,0.47767857142857145,0,963,963,0.0,21.53125,55,64,2016,0.8892337654433692,0.8287298254822202,0.8541300527240774,0.7523671680554053,0.8483122339369935,0.8483122339369935,M0_FIFO_OFFICIAL,0.0,easy,False
GO_M_DISRUPTED_02,472.1875,816.85,420.421875,775.65,1017.0,16089.75,0.24841702100002294,1,heuristic_feasible,M1_MWKR,M,disrupted,2,83.90625,120.0,589.0,0.0,4.62756052141527,5.807083333333334,0.7266553480475382,16089.75,M__disrupted,test,R02_R03,1021,1021,0.5064484126984127,0,1021,1021,0.0,23.0,53,64,2016,0.8482137423163533,0.8151817346804882,0.7521968365553603,0.8705632507304404,0.8289056308053512,0.8289056308053512,M0_FIFO_OFFICIAL,0.0,easy,False
GO_M_DISRUPTED_02,560.21875,941.55,508.125,892.5999999999999,1158.0,18482.0,0.19411426100032259,1,heuristic_feasible,M1_ATC_CANONICAL,M,disrupted,2,83.90625,120.0,589.0,0.0,5.676722532588454,6.8462499999999995,0.966044142614601,18482.0,M__disrupted,test,R02_R03,1083,1083,0.5372023809523809,0,1083,1083,0.0,22.71875,56,64,2016,1.0,1.0,1.0,1.0,1.0,1.0,M0_FIFO_OFFICIAL,0.0,easy,False
GO_M_DISRUPTED_02,239.90625,364.8999999999999,9.671875,22.0,794.0,101.5,9.759315270000116,53,heuristic_online_replay,M2_PERIODIC_15,M,disrupted,2,83.90625,120.0,589.0,0.0,1.859217877094972,2.0408333333333326,0.34804753820033957,101.5,M__disrupted,test,R02_R03,270,270,0.13392857142857142,0,270,270,0.0,6.46875,16,64,2016,0.2980950642078996,0.32751607400603594,0.3602811950790861,0.005491829888540202,0.27088775114020774,0.27088775114020774,M0_FIFO_OFFICIAL,0.0,easy,False
GO_M_DISRUPTED_02,246.0,356.7,17.234375,41.0,827.0,13.0,2.2863486500000363,28,heuristic_online_replay,M2_PERIODIC_30,M,disrupted,2,83.90625,120.0,589.0,0.0,1.9318435754189944,1.9725,0.40407470288624786,13.0,M__disrupted,test,R02_R03,272,272,0.1349206349206349,0,272,272,0.0,6.5,16,64,2016,0.2881139309841154,0.3403096706468967,0.4182776801405975,0.0007033870793204199,0.2775758466875638,0.2775758466875638,M0_FIFO_OFFICIAL,0.0,easy,False
GO_M_DISRUPTED_02,125.3125,210.7,11.34375,38.849999999999994,600.0,0.0,6.461225918999844,91,heuristic_online_replay,M3_EVENT_REACTIVE,M,disrupted,2,83.90625,120.0,589.0,0.0,0.4934823091247672,0.7558333333333332,0.01867572156196944,0.0,M__disrupted,test,R02_R03,121,121,0.06001984126984127,0,121,121,0.0,2.9375,11,64,2016,0.11040107114600449,0.08693084896995144,0.019332161687170474,0.0,0.07431301851126546,0.07431301851126546,M0_FIFO_OFFICIAL,0.0,easy,True
GO_M_DISRUPTED_02,102.15625,186.79999999999995,10.859375,28.0,597.0,0.0,6.062682503999895,91,heuristic_online_replay,M5_ATC_EVENT,M,disrupted,2,83.90625,120.0,589.0,0.0,0.2175046554934823,0.5566666666666663,0.013582342954159592,0.0,M__disrupted,test,R02_R03,87,87,0.043154761904761904,0,87,87,0.0,2.25,10,64,2016,0.08130971943277945,0.03831518173468049,0.014059753954305799,0.0,0.04827713227156675,0.04827713227156675,M0_FIFO_OFFICIAL,0.0,easy,True
GO_M_DISRUPTED_02,123.25,204.7,11.546875,33.39999999999998,599.0,0.0,6.333539481000116,91,heuristic_online_replay,M6_FIFO_PRIORITY_EVENT,M,disrupted,2,83.90625,120.0,589.0,0.0,0.46890130353817505,0.7058333333333332,0.01697792869269949,0.0,M__disrupted,test,R02_R03,122,122,0.060515873015873016,0,122,122,0.0,2.96875,11,64,2016,0.1030978029334794,0.08260070856842934,0.01757469244288225,0.0,0.0696803923286054,0.0696803923286054,M0_FIFO_OFFICIAL,0.0,easy,True
GO_M_DISRUPTED_02,163.78125,257.4,112.4375,211.64999999999995,721.0,0.0,8.941663817000517,57,m5_seeded_local_search,M7_REPAIR_LS,M,disrupted,2,83.90625,120.0,589.0,0.0,0.9519553072625698,1.1449999999999998,0.22410865874363328,0.0,M__disrupted,test,R02_R03,91,91,0.04513888888888889,0,91,91,0.0,2.28125,10,64,2016,0.16724484206682488,0.167694528277129,0.23198594024604569,0.0,0.1519817020362603,0.1519817020362603,M0_FIFO_OFFICIAL,0.0,easy,False
GO_M_DISRUPTED_03,108.515625,159.09999999999997,52.546875,104.69999999999999,603.0,0.0,0.0,1,official_release,M0_FIFO_OFFICIAL,M,disrupted,3,108.515625,159.09999999999997,603.0,0.0,0.0,0.0,0.0,0.0,M__disrupted,test,R02_R03,0,0,0.0,0,0,0,0.0,0.0,0,64,2016,0.0,0.0,0.0,0.0,0.0,0.0,M0_FIFO_OFFICIAL,0.0,easy,True
GO_M_DISRUPTED_03,664.96875,1145.8,608.9375,1089.4499999999998,1297.0,25301.0,0.26238512300005823,1,heuristic_feasible,M1_WEIGHTED_SLACK,M,disrupted,3,108.515625,159.09999999999997,603.0,0.0,5.127861771058315,6.20175989943432,1.1509121061359868,25301.0,M__disrupted,test,R02_R03,1066,1066,0.5287698412698413,41,1025,1025,0.038461538461538464,23.03125,58,64,2016,1.0,1.0,1.0,1.0,1.0,1.0,M0_FIFO_OFFICIAL,0.0,easy,False
GO_M_DISRUPTED_03,528.328125,965.7999999999997,472.515625,903.9499999999997,1137.0,20544.5,0.22582814900033554,1,heuristic_feasible,M1_SPT,M,disrupted,3,108.515625,159.09999999999997,603.0,0.0,3.868682505399568,5.070395977372722,0.8855721393034826,20544.5,M__disrupted,test,R02_R03,926,926,0.4593253968253968,0,926,926,0.0,20.3125,60,64,2016,0.8175737306172086,0.7544436020554292,0.7694524495677233,0.8120034781233944,0.7937374684452688,0.7937374684452688,M0_FIFO_OFFICIAL,0.0,easy,False
GO_M_DISRUPTED_03,267.765625,367.25,212.203125,311.4,834.0,554.5,0.28398183900026197,1,heuristic_feasible,M1_EDD,M,disrupted,3,108.515625,159.09999999999997,603.0,0.0,1.4675305975521957,1.3082966687617856,0.38308457711442784,554.5,M__disrupted,test,R02_R03,160,160,0.07936507936507936,0,160,160,0.0,3.78125,14,64,2016,0.21095571095571097,0.28618762811332943,0.33285302593659943,0.021916129797241217,0.21969235031847842,0.21969235031847842,M0_FIFO_OFFICIAL,0.0,easy,False
GO_M_DISRUPTED_03,550.140625,964.0999999999997,494.34375,912.5999999999998,1128.0,18205.25,0.2705827270001464,1,heuristic_feasible,M1_CR,M,disrupted,3,108.515625,159.09999999999997,603.0,0.0,4.069690424766018,5.059710873664362,0.8706467661691543,18205.25,M__disrupted,test,R02_R03,1068,1068,0.5297619047619048,0,1068,1068,0.0,22.59375,50,64,2016,0.8158508158508155,0.7936427708982675,0.7564841498559077,0.7195466582348524,0.7869481810710479,0.7869481810710479,M0_FIFO_OFFICIAL,0.0,easy,False
GO_M_DISRUPTED_03,580.484375,939.05,524.75,877.0999999999999,1185.0,20337.0,0.48737350900046295,1,heuristic_feasible,M1_WSPT,M,disrupted,3,108.515625,159.09999999999997,603.0,0.0,4.349316054715623,4.902262727844125,0.9651741293532339,20337.0,M__disrupted,test,R02_R03,1003,1003,0.4975198412698413,4,999,999,0.003988035892323031,22.21875,49,64,2016,0.7904631600283775,0.8481734198186056,0.8386167146974063,0.8038022212560768,0.8141146173604438,0.8141146173604438,M0_FIFO_OFFICIAL,0.0,easy,False
GO_M_DISRUPTED_03,501.9375,951.8999999999996,445.9375,893.9499999999997,1094.0,18539.25,0.22684576400024525,1,heuristic_feasible,M1_MWKR,M,disrupted,3,108.515625,159.09999999999997,603.0,0.0,3.6254859611231103,4.983029541169075,0.814262023217247,18539.25,M__disrupted,test,R02_R03,936,936,0.4642857142857143,0,936,936,0.0,20.21875,51,64,2016,0.8034863687037597,0.7070171004970095,0.707492795389049,0.7327477174815225,0.7543592179715299,0.7543592179715299,M0_FIFO_OFFICIAL,0.0,easy,False
GO_M_DISRUPTED_03,647.734375,1110.2999999999997,592.0625,1050.1999999999998,1245.0,24262.0,0.2694602949995897,1,heuristic_feasible,M1_ATC_CANONICAL,M,disrupted,3,108.515625,159.09999999999997,603.0,0.0,4.969042476601872,5.978629792583281,1.064676616915423,24262.0,M__disrupted,test,R02_R03,1075,1075,0.533234126984127,22,1053,1053,0.020465116279069766,22.9375,58,64,2016,0.964021485760616,0.9690281638727432,0.9250720461095101,0.9589344294691909,0.9586676808972681,0.9586676808972681,M0_FIFO_OFFICIAL,0.0,easy,False
GO_M_DISRUPTED_03,279.328125,375.54999999999995,7.390625,19.849999999999994,874.0,1200.25,10.92676148999999,58,heuristic_online_replay,M2_PERIODIC_15,M,disrupted,3,108.515625,159.09999999999997,603.0,0.0,1.5740820734341252,1.36046511627907,0.4494195688225539,1200.25,M__disrupted,test,R02_R03,209,209,0.10367063492063493,0,209,209,0.0,5.0625,18,64,2016,0.2193675889328063,0.30696655715609467,0.3904899135446686,0.04743883640962808,0.241146366801931,0.241146366801931,M0_FIFO_OFFICIAL,0.0,easy,False
GO_M_DISRUPTED_03,305.34375,413.7,19.65625,43.69999999999999,905.0,2377.0,2.611779739000667,30,heuristic_online_replay,M2_PERIODIC_30,M,disrupted,3,108.515625,159.09999999999997,603.0,0.0,1.8138228941684664,1.6002514142049031,0.5008291873963516,2377.0,M__disrupted,test,R02_R03,202,202,0.1001984126984127,0,202,202,0.0,4.96875,17,64,2016,0.2580318232492146,0.3537191475023166,0.43515850144092216,0.09394885577645153,0.28391021092033175,0.28391021092033175,M0_FIFO_OFFICIAL,0.0,easy,False
GO_M_DISRUPTED_03,187.8125,367.84999999999957,34.015625,156.39999999999998,723.0,354.0,6.764205339999535,89,heuristic_online_replay,M3_EVENT_REACTIVE,M,disrupted,3,108.515625,159.09999999999997,603.0,0.0,0.7307415406767459,1.3120678818353215,0.19900497512437812,354.0,M__disrupted,test,R02_R03,142,142,0.07043650793650794,0,142,142,0.0,3.75,13,64,2016,0.21156379852031984,0.14250414174599163,0.1729106628242075,0.013991541836291055,0.15886507546971665,0.15886507546971665,M0_FIFO_OFFICIAL,0.0,easy,False
GO_M_DISRUPTED_03,153.109375,254.24999999999997,20.390625,79.79999999999995,670.0,0.0,6.413766612000472,89,heuristic_online_replay,M5_ATC_EVENT,M,disrupted,3,108.515625,159.09999999999997,603.0,0.0,0.410943124550036,0.5980515399120052,0.1111111111111111,0.0,M__disrupted,test,R02_R03,126,126,0.0625,0,126,126,0.0,3.25,11,64,2016,0.09643255295429208,0.08013927498385422,0.09654178674351585,0.0,0.07791073558692237,0.07791073558692237,M0_FIFO_OFFICIAL,0.0,easy,True
GO_M_DISRUPTED_03,172.921875,288.54999999999984,28.59375,117.89999999999992,693.0,119.0,6.550631092999538,89,heuristic_online_replay,M6_FIFO_PRIORITY_EVENT,M,disrupted,3,108.515625,159.09999999999997,603.0,0.0,0.5935205183585314,0.8136392206159642,0.14925373134328357,119.0,M__disrupted,test,R02_R03,165,165,0.0818452380952381,0,165,165,0.0,4.6875,13,64,2016,0.13119489206445714,0.11574425069497093,0.12968299711815562,0.004703371408244734,0.1081317193817085,0.1081317193817085,M0_FIFO_OFFICIAL,0.0,easy,True
GO_M_DISRUPTED_03,194.75,297.49999999999994,139.09375,245.24999999999997,786.0,0.0,9.308184866000374,53,m5_seeded_local_search,M7_REPAIR_LS,M,disrupted,3,108.515625,159.09999999999997,603.0,0.0,0.7946724262059035,0.8698931489629165,0.3034825870646766,0.0,M__disrupted,test,R02_R03,135,135,0.06696428571428571,0,135,135,0.0,3.40625,12,64,2016,0.14026553156987936,0.1549714991716508,0.26368876080691644,0.0,0.14141567812039588,0.14141567812039588,M0_FIFO_OFFICIAL,0.0,easy,True
GO_M_PEAK_01,75.953125,112.24999999999997,21.28125,58.54999999999998,644.0,0.0,0.0,1,official_release,M0_FIFO_OFFICIAL,M,peak,1,75.953125,112.24999999999997,644.0,0.0,0.0,0.0,0.0,0.0,M__peak,calibration,R01,0,0,0.0,0,0,0,0.0,0.0,0,64,2016,0.0,0.0,0.0,0.0,0.0,0.0,M0_FIFO_OFFICIAL,0.0,easy,True
GO_M_PEAK_01,630.015625,1054.1499999999999,573.9375,997.7499999999999,1199.0,24202.25,0.28498540700002195,1,heuristic_feasible,M1_WEIGHTED_SLACK,M,peak,1,75.953125,112.24999999999997,644.0,0.0,7.294795309607077,8.391091314031181,0.8618012422360248,24202.25,M__peak,calibration,R01,1170,1170,0.5803571428571429,16,1154,1154,0.013675213675213675,23.59375,51,64,2016,0.92756905805308,0.9365590829855792,0.9098360655737705,0.892150176938956,0.9218437832471897,0.9218437832471897,M0_FIFO_OFFICIAL,0.0,easy,False
GO_M_PEAK_01,603.1875,993.1999999999999,548.09375,934.65,1230.0,24672.75,0.31426125899997714,1,heuristic_feasible,M1_SPT,M,peak,1,75.953125,112.24999999999997,644.0,0.0,6.941575807447028,7.848106904231627,0.9099378881987578,24672.75,M__peak,calibration,R01,1078,1078,0.5347222222222222,11,1067,1067,0.01020408163265306,23.03125,57,64,2016,0.8675464079964549,0.8912101843537056,0.9606557377049181,0.9094938808611029,0.8937208724717343,0.8937208724717343,M0_FIFO_OFFICIAL,0.0,easy,False
GO_M_PEAK_01,170.609375,253.24999999999997,115.484375,193.0,766.0,0.0,0.283407585000532,1,heuristic_feasible,M1_EDD,M,peak,1,75.953125,112.24999999999997,644.0,0.0,1.246245628471508,1.2561247216035638,0.18944099378881987,0.0,M__peak,calibration,R01,123,123,0.06101190476190476,0,123,123,0.0,2.90625,9,64,2016,0.13885469496282438,0.16000211293645344,0.2,0.0,0.13248514096738434,0.13248514096738434,M0_FIFO_OFFICIAL,0.0,easy,True
GO_M_PEAK_01,635.796875,1055.7,580.609375,1002.9499999999999,1254.0,25518.0,0.2881111440001405,1,heuristic_feasible,M1_CR,M,peak,1,75.953125,112.24999999999997,644.0,0.0,7.370911335116231,8.404899777282854,0.9472049689440993,25518.0,M__peak,calibration,R01,1131,1131,0.5610119047619048,21,1110,1110,0.01856763925729443,23.78125,52,64,2016,0.9290954749126006,0.9463314140827215,1.0,0.9406517251548215,0.945773576004574,0.945773576004574,M0_FIFO_OFFICIAL,0.0,easy,False
GO_M_PEAK_01,558.203125,943.5499999999997,502.703125,885.5499999999997,1110.0,20086.0,0.3932978769998954,1,heuristic_feasible,M1_WSPT,M,peak,1,75.953125,112.24999999999997,644.0,0.0,6.34931084139066,7.4057906458797325,0.7236024844720497,20086.0,M__peak,calibration,R01,1090,1090,0.5406746031746031,0,1090,1090,0.0,22.03125,60,64,2016,0.8186518292382686,0.8151708837356717,0.7639344262295082,0.7404158065467413,0.7978385790075763,0.7978385790075763,M0_FIFO_OFFICIAL,0.0,easy,False
GO_M_PEAK_01,456.65625,783.9999999999998,401.21875,726.1999999999998,998.0,14662.0,0.24373560099957103,1,heuristic_feasible,M1_MWKR,M,peak,1,75.953125,112.24999999999997,644.0,0.0,5.012343139271755,5.984409799554565,0.5496894409937888,14662.0,M__peak,calibration,R01,800,800,0.3968253968253968,0,800,800,0.0,18.03125,47,64,2016,0.6615293712147323,0.6435212085996513,0.580327868852459,0.5404747861987614,0.6266889174542255,0.6266889174542255,M0_FIFO_OFFICIAL,0.0,easy,False
GO_M_PEAK_01,667.546875,1127.6999999999998,612.34375,1064.1999999999998,1246.0,27128.0,0.21971158499945886,1,heuristic_feasible,M1_ATC_CANONICAL,M,peak,1,75.953125,112.24999999999997,644.0,0.0,7.788932318452993,9.046325167037862,0.9347826086956522,27128.0,M__peak,calibration,R01,1211,1211,0.6006944444444444,57,1154,1154,0.04706853839801817,24.15625,56,64,2016,1.0,1.0,0.9868852459016394,1.0,0.9980327868852459,0.9980327868852459,M0_FIFO_OFFICIAL,0.0,easy,False
GO_M_PEAK_01,254.96875,349.0,8.28125,22.0,859.0,421.5,8.8801109369997,57,heuristic_online_replay,M2_PERIODIC_15,M,peak,1,75.953125,112.24999999999997,644.0,0.0,2.356922443941576,2.109131403118041,0.3338509316770186,421.5,M__peak,calibration,R01,153,153,0.07589285714285714,0,153,153,0.0,3.6875,11,64,2016,0.23314786547835942,0.30259891183772647,0.3524590163934426,0.015537452079032734,0.23576573769556464,0.23576573769556464,M0_FIFO_OFFICIAL,0.0,easy,False
GO_M_PEAK_01,249.53125,341.0,18.9375,42.0,873.0,353.25,2.5050170829999843,29,heuristic_online_replay,M2_PERIODIC_30,M,peak,1,75.953125,112.24999999999997,644.0,0.0,2.2853322361653983,2.037861915367484,0.3555900621118012,353.25,M__peak,calibration,R01,155,155,0.07688492063492064,0,155,155,0.0,3.6875,10,64,2016,0.2252695849130928,0.29340763826527916,0.37540983606557377,0.013021601297552345,0.23298793838168044,0.23298793838168044,M0_FIFO_OFFICIAL,0.0,easy,False
GO_M_PEAK_01,109.359375,170.85,11.09375,34.24999999999997,661.0,0.0,6.324195952000082,90,heuristic_online_replay,M3_EVENT_REACTIVE,M,peak,1,75.953125,112.24999999999997,644.0,0.0,0.43982719605019543,0.5220489977728289,0.026397515527950312,0.0,M__peak,calibration,R01,51,51,0.025297619047619048,0,51,51,0.0,1.34375,11,64,2016,0.0577084051405781,0.05646822671808145,0.027868852459016394,0.0,0.04426616686163297,0.04426616686163297,M0_FIFO_OFFICIAL,0.0,easy,True
GO_M_PEAK_01,98.46875,151.0,11.5625,37.69999999999999,654.0,0.0,6.087344080000548,90,heuristic_online_replay,M5_ATC_EVENT,M,peak,1,75.953125,112.24999999999997,644.0,0.0,0.29644106150997734,0.34521158129175983,0.015527950310559006,0.0,M__peak,calibration,R01,36,36,0.017857142857142856,0,36,36,0.0,0.9375,6,64,2016,0.03816042148801028,0.038059267867518884,0.01639344262295082,0.0,0.02914602302992697,0.02914602302992697,M0_FIFO_OFFICIAL,0.0,easy,True
GO_M_PEAK_01,109.609375,164.7,14.0,44.849999999999994,663.0,0.0,6.1696305509995,90,heuristic_online_replay,M6_FIFO_PRIORITY_EVENT,M,peak,1,75.953125,112.24999999999997,644.0,0.0,0.4431186998559967,0.46726057906458823,0.029503105590062112,0.0,M__peak,calibration,R01,49,49,0.024305555555555556,0,49,49,0.0,1.3125,11,64,2016,0.051651976956029376,0.056890814008768685,0.03114754098360656,0.0,0.042138224279946374,0.042138224279946374,M0_FIFO_OFFICIAL,0.0,easy,True
GO_M_PEAK_01,110.515625,194.39999999999998,54.921875,141.24999999999997,662.0,0.0,8.963904653999634,51,m5_seeded_local_search,M7_REPAIR_LS,M,peak,1,75.953125,112.24999999999997,644.0,0.0,0.45505040115202633,0.7318485523385303,0.027950310559006212,0.0,M__peak,calibration,R01,44,44,0.021825396825396824,0,44,44,0.0,1.09375,6,64,2016,0.08090009355458173,0.0584226929375099,0.029508196721311476,0.0,0.055436944842135974,0.055436944842135974,M0_FIFO_OFFICIAL,0.0,easy,True
GO_M_PEAK_02,61.078125,88.69999999999999,10.890625,34.69999999999999,650.0,0.0,0.0,1,official_release,M0_FIFO_OFFICIAL,M,peak,2,61.078125,88.69999999999999,650.0,0.0,0.0,0.0,0.0,0.0,M__peak,test,R02_R03,0,0,0.0,0,0,0,0.0,0.0,0,64,2016,0.0,0.0,0.0,0.0,0.0,0.0,M0_FIFO_OFFICIAL,0.0,easy,True
GO_M_PEAK_02,560.0625,986.3499999999998,509.390625,936.3999999999997,1140.0,18750.25,0.2883541390001483,1,heuristic_feasible,M1_WEIGHTED_SLACK,M,peak,2,61.078125,88.69999999999999,650.0,0.0,8.169608595548734,10.120067643742953,0.7538461538461538,18750.25,M__peak,test,R02_R03,1182,1182,0.5863095238095238,0,1182,1182,0.0,24.25,57,64,2016,0.9495424974877031,0.9185434463715593,0.8892921960072595,0.8435419290984344,0.9168551042282103,0.9168551042282103,M0_FIFO_OFFICIAL,0.0,easy,False
GO_M_PEAK_02,471.03125,794.4499999999999,420.40625,736.3499999999999,1065.0,14467.25,0.31539293799960433,1,heuristic_feasible,M1_SPT,M,peak,2,61.078125,88.69999999999999,650.0,0.0,6.71194678946022,7.956595264937994,0.6384615384615384,14467.25,M__peak,test,R02_R03,820,820,0.40674603174603174,0,820,820,0.0,19.0,46,64,2016,0.746548897233829,0.7546524002646188,0.7531760435571688,0.650857027172935,0.7352150644308934,0.7352150644308934,M0_FIFO_OFFICIAL,0.0,easy,False
GO_M_PEAK_02,103.15625,172.7,52.9375,121.49999999999994,732.0,0.0,0.2527928489998885,1,heuristic_feasible,M1_EDD,M,peak,2,61.078125,88.69999999999999,650.0,0.0,0.6889229982092607,0.947012401352875,0.12615384615384614,0.0,M__peak,test,R02_R03,95,95,0.04712301587301587,0,95,95,0.0,2.3125,7,64,2016,0.0888559792669382,0.07745850950614087,0.14882032667876588,0.0,0.08167286704847229,0.08167286704847229,M0_FIFO_OFFICIAL,0.0,easy,True
GO_M_PEAK_02,604.3125,1034.0499999999997,554.015625,987.7499999999997,1201.0,22228.0,0.26707637700019404,1,heuristic_feasible,M1_CR,M,peak,2,61.078125,88.69999999999999,650.0,0.0,8.894090560245587,10.657835400225476,0.8476923076923077,22228.0,M__peak,test,R02_R03,1220,1220,0.6051587301587301,40,1180,1180,0.03278688524590164,25.59375,55,64,2016,1.0,1.0,1.0,1.0,1.0,1.0,M0_FIFO_OFFICIAL,0.0,easy,False
GO_M_PEAK_02,566.25,923.1999999999999,515.5625,867.65,1197.0,18874.0,0.38419020699984685,1,heuristic_feasible,M1_WSPT,M,peak,2,61.078125,88.69999999999999,650.0,0.0,8.270913277052955,9.408117249154454,0.8415384615384616,18874.0,M__peak,test,R02_R03,914,914,0.45337301587301587,8,906,906,0.0087527352297593,20.28125,47,64,2016,0.8827418416459515,0.9299335576840106,0.9927404718693285,0.849109231599784,0.9059946736820477,0.9059946736820477,M0_FIFO_OFFICIAL,0.0,easy,False
GO_M_PEAK_02,547.5,932.1499999999997,497.390625,886.3999999999997,1126.0,19406.5,0.2311583509999764,1,heuristic_feasible,M1_MWKR,M,peak,2,61.078125,88.69999999999999,650.0,0.0,7.96392939370683,9.50901916572717,0.7323076923076923,19406.5,M__peak,test,R02_R03,1014,1014,0.5029761904761905,0,1014,1014,0.0,22.21875,51,64,2016,0.8922092346749882,0.8954180688584003,0.8638838475499092,0.873065502969228,0.8858910753962154,0.8858910753962154,M0_FIFO_OFFICIAL,0.0,easy,False
GO_M_PEAK_02,583.609375,1002.8999999999999,533.28125,950.65,1194.0,20207.25,0.22059802200055856,1,heuristic_feasible,M1_ATC_CANONICAL,M,peak,2,61.078125,88.69999999999999,650.0,0.0,8.555129189050907,10.306651634723787,0.8369230769230769,20207.25,M__peak,test,R02_R03,1157,1157,0.5739087301587301,13,1144,1144,0.011235955056179775,24.1875,55,64,2016,0.9670492410218439,0.9618891477550551,0.9872958257713249,0.9090898866294763,0.9601023022587137,0.9601023022587137,M0_FIFO_OFFICIAL,0.0,easy,False
GO_M_PEAK_02,186.125,260.85,8.5625,22.849999999999994,843.0,0.0,7.487215504000233,56,heuristic_online_replay,M2_PERIODIC_15,M,peak,2,61.078125,88.69999999999999,650.0,0.0,2.0473266820158607,1.940811724915446,0.2969230769230769,0.0,M__peak,test,R02_R03,128,128,0.06349206349206349,0,128,128,0.0,3.15625,7,64,2016,0.18210186703337397,0.2301895475594673,0.3502722323049002,0.0,0.1920340619006201,0.1920340619006201,M0_FIFO_OFFICIAL,0.0,easy,False
GO_M_PEAK_02,215.953125,323.7,17.375,44.69999999999999,912.0,249.0,2.3954050640004425,31,heuristic_online_replay,M2_PERIODIC_30,M,peak,2,61.078125,88.69999999999999,650.0,0.0,2.535686876438987,2.6493799323562572,0.40307692307692305,249.0,M__peak,test,R02_R03,132,132,0.06547619047619048,0,132,132,0.0,3.1875,7,64,2016,0.24858518009202948,0.28509793769954267,0.47549909255898365,0.011202087457261112,0.2561429924687356,0.2561429924687356,M0_FIFO_OFFICIAL,0.0,easy,False
GO_M_PEAK_02,72.703125,112.54999999999998,10.578125,41.69999999999999,657.0,0.0,5.51261057299962,89,heuristic_online_replay,M3_EVENT_REACTIVE,M,peak,2,61.078125,88.69999999999999,650.0,0.0,0.1903300076745971,0.26888387824126264,0.010769230769230769,0.0,M__peak,test,R02_R03,22,22,0.010912698412698412,0,22,22,0.0,0.5625,6,64,2016,0.02522875125614852,0.021399603071878506,0.012704174228675136,0.0,0.01860846496753773,0.01860846496753773,M0_FIFO_OFFICIAL,0.0,easy,True
GO_M_PEAK_02,74.59375,123.24999999999997,10.078125,43.39999999999998,668.0,0.0,5.521328773999812,89,heuristic_online_replay,M5_ATC_EVENT,M,peak,2,61.078125,88.69999999999999,650.0,0.0,0.22128421591199796,0.3895152198421645,0.027692307692307693,0.0,M__peak,test,R02_R03,14,14,0.006944444444444444,0,14,14,0.0,0.40625,6,64,2016,0.03654731051991325,0.02487991486179423,0.032667876588021776,0.0,0.027566449937612786,0.027566449937612786,M0_FIFO_OFFICIAL,0.0,easy,True
GO_M_PEAK_02,72.703125,112.54999999999998,10.578125,41.69999999999999,657.0,0.0,5.416087165998761,89,heuristic_online_replay,M6_FIFO_PRIORITY_EVENT,M,peak,2,61.078125,88.69999999999999,650.0,0.0,0.1903300076745971,0.26888387824126264,0.010769230769230769,0.0,M__peak,test,R02_R03,22,22,0.010912698412698412,0,22,22,0.0,0.5625,6,64,2016,0.02522875125614852,0.021399603071878506,0.012704174228675136,0.0,0.01860846496753773,0.01860846496753773,M0_FIFO_OFFICIAL,0.0,easy,True
GO_M_PEAK_02,76.578125,111.85,26.21875,60.39999999999998,691.0,0.0,8.37508990400056,56,m5_seeded_local_search,M7_REPAIR_LS,M,peak,2,61.078125,88.69999999999999,650.0,0.0,0.25377334356612946,0.2609921082299888,0.06307692307692307,0.0,M__peak,test,R02_R03,10,10,0.00496031746031746,0,10,10,0.0,0.28125,3,64,2016,0.024488284762257378,0.028532804095838006,0.07441016333938294,0.0,0.02931445366788276,0.02931445366788276,M0_FIFO_OFFICIAL,0.0,easy,True
GO_M_PEAK_03,76.03125,119.69999999999999,23.390625,68.69999999999999,645.0,0.0,0.0,1,official_release,M0_FIFO_OFFICIAL,M,peak,3,76.03125,119.69999999999999,645.0,0.0,0.0,0.0,0.0,0.0,M__peak,test,R02_R03,0,0,0.0,0,0,0,0.0,0.0,0,64,2016,0.0,0.0,0.0,0.0,0.0,0.0,M0_FIFO_OFFICIAL,0.0,easy,True
GO_M_PEAK_03,505.71875,985.3999999999997,452.1875,929.3999999999997,1123.0,15550.25,0.30067207400043117,1,heuristic_feasible,M1_WEIGHTED_SLACK,M,peak,3,76.03125,119.69999999999999,645.0,0.0,5.651459103986848,7.232247284878863,0.7410852713178294,15550.25,M__peak,test,R02_R03,1196,1196,0.5932539682539683,0,1196,1196,0.0,25.625,53,64,2016,0.9375643038934314,0.9305315873177004,0.8505338078291815,0.8687533171317634,0.9124299023256108,0.9124299023256108,M0_FIFO_OFFICIAL,0.0,easy,False
GO_M_PEAK_03,475.328125,862.0999999999999,421.9375,801.7,1140.0,17144.25,0.33512930599954416,1,heuristic_feasible,M1_SPT,M,peak,3,76.03125,119.69999999999999,645.0,0.0,5.251746814632141,6.202172096908939,0.7674418604651163,17144.25,M__peak,test,R02_R03,850,850,0.42162698412698413,0,850,850,0.0,19.0,47,64,2016,0.8040288081442573,0.8647176259601395,0.8807829181494662,0.9578060839688259,0.8537807204726944,0.8537807204726944,M0_FIFO_OFFICIAL,0.0,easy,False
GO_M_PEAK_03,130.90625,200.85,77.640625,144.54999999999998,744.0,0.0,0.26181962200007547,1,heuristic_feasible,M1_EDD,M,peak,3,76.03125,119.69999999999999,645.0,0.0,0.7217427044800657,0.6779448621553886,0.15348837209302327,0.0,M__peak,test,R02_R03,153,153,0.07589285714285714,0,153,153,0.0,3.75,11,64,2016,0.08788650024367793,0.11883734307853687,0.17615658362989323,0.0,0.09568174842377326,0.09568174842377326,M0_FIFO_OFFICIAL,0.0,easy,True
GO_M_PEAK_03,497.71875,999.7,444.78125,952.4,1109.0,15375.75,0.246360721000201,1,heuristic_feasible,M1_CR,M,peak,3,76.03125,119.69999999999999,645.0,0.0,5.546239210850802,7.35171261487051,0.7193798449612403,15375.75,M__peak,test,R02_R03,1192,1192,0.5912698412698413,0,1192,1192,0.0,25.9375,56,64,2016,0.9530513889640982,0.9132067810374581,0.8256227758007118,0.8590044414648453,0.9098689028830422,0.9098689028830422,M0_FIFO_OFFICIAL,0.0,easy,False
GO_M_PEAK_03,483.984375,789.4,430.6875,739.4499999999999,1062.0,13851.75,0.33603065500028606,1,heuristic_feasible,M1_WSPT,M,peak,3,76.03125,119.69999999999999,645.0,0.0,5.365598027127004,5.59482038429407,0.6465116279069767,13851.75,M__peak,test,R02_R03,887,887,0.4399801587301587,0,887,887,0.0,19.46875,48,64,2016,0.7252937672605189,0.8834636077555578,0.7419928825622776,0.7738623983910166,0.774626389349117,0.774626389349117,M0_FIFO_OFFICIAL,0.0,easy,False
GO_M_PEAK_03,476.875,887.7,423.28125,836.4,1053.0,16104.5,0.21885805599958985,1,heuristic_feasible,M1_MWKR,M,peak,3,76.03125,119.69999999999999,645.0,0.0,5.272092067406494,6.416040100250627,0.6325581395348837,16104.5,M__peak,test,R02_R03,1028,1028,0.5099206349206349,0,1028,1028,0.0,22.1875,55,64,2016,0.8317539394595767,0.8680675396744831,0.7259786476868327,0.8997178692142238,0.8351606352105887,0.8351606352105887,M0_FIFO_OFFICIAL,0.0,easy,False
GO_M_PEAK_03,537.796875,1043.05,484.75,994.8999999999999,1207.0,17899.5,0.21245739299956767,1,heuristic_feasible,M1_ATC_CANONICAL,M,peak,3,76.03125,119.69999999999999,645.0,0.0,6.073366214549939,7.7138680033416875,0.8713178294573644,17899.5,M__peak,test,R02_R03,1163,1163,0.5768849206349206,9,1154,1154,0.007738607050730868,24.8125,53,64,2016,1.0,1.0,1.0,1.0,1.0,1.0,M0_FIFO_OFFICIAL,0.0,easy,False
GO_M_PEAK_03,206.15625,295.85,8.8125,20.0,840.0,0.0,7.871434693999618,56,heuristic_online_replay,M2_PERIODIC_15,M,peak,3,76.03125,119.69999999999999,645.0,0.0,1.7114673242909988,1.4715956558061825,0.3023255813953488,0.0,M__peak,test,R02_R03,191,191,0.09474206349206349,0,191,191,0.0,4.75,15,64,2016,0.19077272973412038,0.28179880215206576,0.3469750889679715,0.0,0.20834369226356636,0.20834369226356636,M0_FIFO_OFFICIAL,0.0,easy,False
GO_M_PEAK_03,228.234375,329.85,15.78125,38.54999999999998,868.0,91.25,2.2702786560003005,29,heuristic_online_replay,M2_PERIODIC_30,M,peak,3,76.03125,119.69999999999999,645.0,0.0,2.0018495684340323,1.7556390977443614,0.3457364341085271,91.25,M__peak,test,R02_R03,193,193,0.09573412698412699,0,193,193,0.0,4.8125,15,64,2016,0.22759516976227873,0.32961120698406254,0.39679715302491103,0.00509790776278667,0.2451048872571957,0.2451048872571957,M0_FIFO_OFFICIAL,0.0,easy,False
GO_M_PEAK_03,96.703125,169.34999999999994,9.78125,38.799999999999955,669.0,0.0,5.640514810000241,89,heuristic_online_replay,M3_EVENT_REACTIVE,M,peak,3,76.03125,119.69999999999999,645.0,0.0,0.2718865598027127,0.414786967418546,0.037209302325581395,0.0,M__peak,test,R02_R03,27,27,0.013392857142857142,0,27,27,0.0,0.71875,5,64,2016,0.05377159257053117,0.044767028728047914,0.042704626334519574,0.0,0.04179466778892894,0.04179466778892894,M0_FIFO_OFFICIAL,0.0,easy,True
GO_M_PEAK_03,88.609375,148.85,10.640625,41.849999999999994,678.0,0.0,5.503803960999903,89,heuristic_online_replay,M5_ATC_EVENT,M,peak,3,76.03125,119.69999999999999,645.0,0.0,0.16543362104397863,0.2435254803675857,0.05116279069767442,0.0,M__peak,test,R02_R03,31,31,0.015376984126984126,0,31,31,0.0,0.84375,7,64,2016,0.03156982725943576,0.02723919737420905,0.05871886120996441,0.0,0.029824050791793018,0.029824050791793018,M0_FIFO_OFFICIAL,0.0,easy,True
GO_M_PEAK_03,96.703125,169.34999999999994,9.78125,38.799999999999955,669.0,0.0,5.552830974000244,89,heuristic_online_replay,M6_FIFO_PRIORITY_EVENT,M,peak,3,76.03125,119.69999999999999,645.0,0.0,0.2718865598027127,0.414786967418546,0.037209302325581395,0.0,M__peak,test,R02_R03,27,27,0.013392857142857142,0,27,27,0.0,0.71875,5,64,2016,0.05377159257053117,0.044767028728047914,0.042704626334519574,0.0,0.04179466778892894,0.04179466778892894,M0_FIFO_OFFICIAL,0.0,easy,True
GO_M_PEAK_03,108.6875,179.85,55.40625,120.39999999999998,692.0,0.0,8.429988858999423,52,m5_seeded_local_search,M7_REPAIR_LS,M,peak,3,76.03125,119.69999999999999,645.0,0.0,0.4295108919030004,0.5025062656641605,0.07286821705426356,0.0,M__peak,test,R02_R03,31,31,0.015376984126984126,0,31,31,0.0,0.84375,7,64,2016,0.06514322846158013,0.07072040063614524,0.08362989323843416,0.0,0.059539036952512496,0.059539036952512496,M0_FIFO_OFFICIAL,0.0,easy,True
GO_S_BALANCED_01,58.9,79.74999999999999,4.6,26.04999999999997,692.0,0.0,0.0,1,official_release,M0_FIFO_OFFICIAL,S,balanced,1,58.9,79.74999999999999,692.0,0.0,0.0,0.0,0.0,0.0,S__balanced,calibration,R01,0,0,0.0,0,0,0,0.0,0.0,0,30,435,0.0,0.0,0.0,0.0,0.0,0.0,M0_FIFO_OFFICIAL,0.0,easy,True
GO_S_BALANCED_01,565.5,955.55,511.3666666666667,902.55,1197.0,8483.0,0.14589830900058587,1,heuristic_feasible,M1_WEIGHTED_SLACK,S,balanced,1,58.9,79.74999999999999,692.0,0.0,8.601018675721562,10.981818181818182,0.7297687861271677,8483.0,S__balanced,calibration,R01,314,314,0.7218390804597701,9,305,305,0.028662420382165606,13.6,26,30,435,0.9961328480436762,1.0,1.0,1.0,0.9982597816196543,0.9982597816196543,M0_FIFO_OFFICIAL,0.0,easy,False
GO_S_BALANCED_01,285.7,610.8999999999999,232.06666666666666,551.3999999999999,939.0,2217.0,0.11801362599999266,1,heuristic_feasible,M1_SPT,S,balanced,1,58.9,79.74999999999999,692.0,0.0,3.8505942275042444,6.660188087774294,0.3569364161849711,2217.0,S__balanced,calibration,R01,149,149,0.3425287356321839,0,149,149,0.0,7.466666666666667,18,30,435,0.6041287534121929,0.4476904855902092,0.4891089108910891,0.2613462218554757,0.4963488303450238,0.4963488303450238,M0_FIFO_OFFICIAL,0.0,easy,False
GO_S_BALANCED_01,111.63333333333334,238.2,57.8,177.95,843.0,0.0,0.1506454410000515,1,heuristic_feasible,M1_EDD,S,balanced,1,58.9,79.74999999999999,692.0,0.0,0.8953027730616866,1.9868338557993732,0.21820809248554912,0.0,S__balanced,calibration,R01,13,13,0.029885057471264367,0,13,13,0.0,0.7333333333333333,2,30,435,0.18022065514103733,0.10409264376891697,0.299009900990099,0.0,0.1519739409042109,0.1519739409042109,M0_FIFO_OFFICIAL,0.0,easy,False
GO_S_BALANCED_01,494.3666666666667,954.4999999999997,440.23333333333335,906.1499999999996,1102.0,7078.25,0.13945738900019933,1,heuristic_feasible,M1_CR,S,balanced,1,58.9,79.74999999999999,692.0,0.0,7.393322014714205,10.968652037617552,0.5924855491329479,7078.25,S__balanced,calibration,R01,321,321,0.7379310344827587,0,321,321,0.0,13.8,25,30,435,0.9949385805277523,0.8595867877352283,0.8118811881188119,0.8344041023222917,0.9095618517374612,0.9095618517374612,M0_FIFO_OFFICIAL,0.0,easy,False
GO_S_BALANCED_01,545.2333333333333,859.4499999999998,490.93333333333334,799.9499999999998,1187.0,7851.25,0.2460746750002727,1,heuristic_feasible,M1_WSPT,S,balanced,1,58.9,79.74999999999999,692.0,0.0,8.256932654216186,9.77680250783699,0.7153179190751445,7851.25,S__balanced,calibration,R01,170,170,0.39080459770114945,0,170,170,0.0,7.866666666666666,18,30,435,0.8868289353958143,0.9599947361494934,0.9801980198019802,0.9255275256395143,0.924930536781714,0.924930536781714,M0_FIFO_OFFICIAL,0.0,easy,False
GO_S_BALANCED_01,503.8,933.4499999999999,449.6,884.8999999999999,1108.0,7191.75,0.12016321900046023,1,heuristic_feasible,M1_MWKR,S,balanced,1,58.9,79.74999999999999,692.0,0.0,7.553480475382004,10.704702194357369,0.6011560693641619,7191.75,S__balanced,calibration,R01,255,255,0.5862068965517241,0,255,255,0.0,11.533333333333333,27,30,435,0.9709963603275706,0.8782076589024872,0.8237623762376237,0.8477838028999175,0.9072322037436598,0.9072322037436598,M0_FIFO_OFFICIAL,0.0,easy,False
GO_S_BALANCED_01,546.8333333333334,958.9499999999998,492.56666666666666,900.5999999999998,1181.0,7946.0,0.10203963799995108,1,heuristic_feasible,M1_ATC_CANONICAL,S,balanced,1,58.9,79.74999999999999,692.0,0.0,8.284097340124505,11.024451410658306,0.7066473988439307,7946.0,S__balanced,calibration,R01,291,291,0.6689655172413793,0,291,291,0.0,13.133333333333333,23,30,435,1.0,0.9631530464534808,0.9683168316831683,0.9366969232582812,0.9765403248545876,0.9765403248545876,M0_FIFO_OFFICIAL,0.0,easy,False
GO_S_BALANCED_01,112.5,174.14999999999998,5.966666666666667,19.84999999999998,770.0,0.0,4.54616517499926,51,heuristic_online_replay,M2_PERIODIC_15,S,balanced,1,58.9,79.74999999999999,692.0,0.0,0.9100169779286927,1.1836990595611285,0.11271676300578035,0.0,S__balanced,calibration,R01,19,19,0.04367816091954023,0,19,19,0.0,1.0666666666666667,5,30,435,0.10737033666969974,0.10580339518357679,0.15445544554455445,0.0,0.09793581712894225,0.09793581712894225,M0_FIFO_OFFICIAL,0.0,easy,True
GO_S_BALANCED_01,135.66666666666666,221.39999999999998,11.233333333333333,30.549999999999997,810.0,0.0,0.9227981280000677,27,heuristic_online_replay,M2_PERIODIC_30,S,balanced,1,58.9,79.74999999999999,692.0,0.0,1.3033389926428973,1.7761755485893418,0.17052023121387283,0.0,S__balanced,calibration,R01,18,18,0.041379310344827586,0,18,18,0.0,1.0,5,30,435,0.16111237488626023,0.1515330964600605,0.23366336633663368,0.0,0.1454333477643273,0.1454333477643273,M0_FIFO_OFFICIAL,0.0,easy,True
GO_S_BALANCED_01,87.46666666666667,163.04999999999995,9.866666666666667,37.49999999999997,736.0,0.0,1.5428894869992291,46,heuristic_online_replay,M3_EVENT_REACTIVE,S,balanced,1,58.9,79.74999999999999,692.0,0.0,0.4850028296547822,1.0445141065830719,0.06358381502890173,0.0,S__balanced,calibration,R01,5,5,0.011494252873563218,0,5,5,0.0,0.3333333333333333,2,30,435,0.09474522292993628,0.056388998552441116,0.08712871287128712,0.0,0.06980190688727468,0.06980190688727468,M0_FIFO_OFFICIAL,0.0,easy,True
GO_S_BALANCED_01,77.03333333333333,140.2,7.133333333333334,19.49999999999997,706.0,0.0,1.5573214879996158,46,heuristic_online_replay,M5_ATC_EVENT,S,balanced,1,58.9,79.74999999999999,692.0,0.0,0.3078664402942841,0.7579937304075237,0.02023121387283237,0.0,S__balanced,calibration,R01,3,3,0.006896551724137931,0,3,3,0.0,0.2,2,30,435,0.06875568698817108,0.035794183445190156,0.027722772277227723,0.0,0.04404702084755868,0.04404702084755868,M0_FIFO_OFFICIAL,0.0,easy,True
GO_S_BALANCED_01,88.16666666666667,169.04999999999995,10.666666666666666,41.69999999999996,740.0,0.0,1.5369939909996901,46,heuristic_online_replay,M6_FIFO_PRIORITY_EVENT,S,balanced,1,58.9,79.74999999999999,692.0,0.0,0.4968873797396719,1.1197492163009402,0.06936416184971098,0.0,S__balanced,calibration,R01,5,5,0.011494252873563218,0,5,5,0.0,0.3333333333333333,2,30,435,0.10156960873521381,0.05777075931043559,0.09504950495049505,0.0,0.07440643950102938,0.07440643950102938,M0_FIFO_OFFICIAL,0.0,easy,True
GO_S_BALANCED_01,89.66666666666667,185.2,35.96666666666667,124.94999999999997,790.0,0.0,4.4787405269999,28,m5_seeded_local_search,M7_REPAIR_LS,S,balanced,1,58.9,79.74999999999999,692.0,0.0,0.5223542727787212,1.3222570532915363,0.1416184971098266,0.0,S__balanced,calibration,R01,6,6,0.013793103448275862,0,6,6,0.0,0.3333333333333333,2,30,435,0.11993858052775253,0.06073167522042375,0.19405940594059407,0.0,0.09826419093368369,0.09826419093368369,M0_FIFO_OFFICIAL,0.0,easy,True
GO_S_BALANCED_02,63.166666666666664,88.19999999999999,9.533333333333333,32.749999999999986,690.0,0.0,0.0,1,official_release,M0_FIFO_OFFICIAL,S,balanced,2,63.166666666666664,88.19999999999999,690.0,0.0,0.0,0.0,0.0,0.0,S__balanced,test,R02_R03,0,0,0.0,0,0,0,0.0,0.0,0,30,435,0.0,0.0,0.006329113924050633,0.0,0.0009493670886075949,0.0,M0_FIFO_OFFICIAL,0.0009493670886075949,hard,True
GO_S_BALANCED_02,491.43333333333334,892.2499999999998,437.53333333333336,838.8499999999998,1161.0,7506.0,0.15746609400048328,1,heuristic_feasible,M1_WEIGHTED_SLACK,S,balanced,2,63.166666666666664,88.19999999999999,690.0,0.0,6.779947229551452,9.116213151927436,0.6826086956521739,7506.0,S__balanced,test,R02_R03,266,266,0.6114942528735632,0,266,266,0.0,12.266666666666667,27,30,435,0.9783415465109203,1.0,1.0,1.0,0.9902536959299142,0.9893043288413066,M0_FIFO_OFFICIAL,0.0009493670886075949,hard,False
GO_S_BALANCED_02,460.6666666666667,752.3999999999999,406.23333333333335,692.7499999999999,1082.0,6786.25,0.10744170199996006,1,heuristic_feasible,M1_SPT,S,balanced,2,63.166666666666664,88.19999999999999,690.0,0.0,6.2928759894459105,7.530612244897958,0.5681159420289855,6786.25,S__balanced,test,R02_R03,181,181,0.4160919540229885,0,181,181,0.0,8.666666666666666,17,30,435,0.8081766745756523,0.9281600249066003,0.8333333333333334,0.9041100452970957,0.856336016580258,0.8553866494916504,M0_FIFO_OFFICIAL,0.0009493670886075949,hard,False
GO_S_BALANCED_02,135.1,222.3499999999999,80.7,159.44999999999987,746.0,0.0,0.21525092800038692,1,heuristic_feasible,M1_EDD,S,balanced,2,63.166666666666664,88.19999999999999,690.0,0.0,1.1387862796833774,1.5209750566893416,0.08115942028985507,0.0,S__balanced,test,R02_R03,24,24,0.05517241379310345,0,24,24,0.0,1.2666666666666666,6,30,435,0.1632292997505627,0.16796388542963886,0.12447257383966245,0.0,0.1341150423211123,0.1331656752325047,M0_FIFO_OFFICIAL,0.0009493670886075949,hard,True
GO_S_BALANCED_02,453.93333333333334,910.05,400.03333333333336,861.5,1115.0,6265.75,0.12148643099953915,1,heuristic_feasible,M1_CR,S,balanced,2,63.166666666666664,88.19999999999999,690.0,0.0,6.186279683377308,9.318027210884354,0.6159420289855072,6265.75,S__balanced,test,R02_R03,247,247,0.5678160919540229,0,247,247,0.0,11.466666666666667,28,30,435,1.0,0.9124377334993773,0.9029535864978903,0.8347655209166001,0.9387672994870179,0.9378179323984103,M0_FIFO_OFFICIAL,0.0009493670886075949,hard,False
GO_S_BALANCED_02,465.76666666666665,792.75,412.06666666666666,735.3,1121.0,6541.0,0.15982395500031998,1,heuristic_feasible,M1_WSPT,S,balanced,2,63.166666666666664,88.19999999999999,690.0,0.0,6.373614775725593,7.988095238095239,0.6246376811594203,6541.0,S__balanced,test,R02_R03,211,211,0.4850574712643678,0,211,211,0.0,10.466666666666667,19,30,435,0.857273225041066,0.9400684931506849,0.9156118143459916,0.8714361843858247,0.8888472743659235,0.8878979072773159,M0_FIFO_OFFICIAL,0.0009493670886075949,hard,False
GO_S_BALANCED_02,423.0,783.2499999999999,368.1333333333333,733.8999999999999,986.0,5588.25,0.1413590470001509,1,heuristic_feasible,M1_MWKR,S,balanced,2,63.166666666666664,88.19999999999999,690.0,0.0,5.696569920844327,7.880385487528345,0.4289855072463768,5588.25,S__balanced,test,R02_R03,218,218,0.5011494252873563,0,218,218,0.0,10.0,27,30,435,0.8457139380665571,0.8402085927770859,0.630801687763713,0.7445043964828137,0.7969193329612012,0.7959699658725936,M0_FIFO_OFFICIAL,0.0009493670886075949,hard,False
GO_S_BALANCED_02,475.06666666666666,861.8999999999997,421.0,802.2499999999998,1132.0,6873.0,0.16037036099987745,1,heuristic_feasible,M1_ATC_CANONICAL,S,balanced,2,63.166666666666664,88.19999999999999,690.0,0.0,6.520844327176781,8.772108843537413,0.6405797101449275,6873.0,S__balanced,test,R02_R03,251,251,0.5770114942528736,0,251,251,0.0,12.066666666666666,23,30,435,0.9414126665449899,0.9617839352428393,0.9388185654008439,0.9156674660271783,0.9422545884701586,0.941305221381551,M0_FIFO_OFFICIAL,0.0009493670886075949,hard,False
GO_S_BALANCED_02,174.33333333333334,229.2,6.466666666666667,15.549999999999997,776.0,0.0,4.041601850000006,52,heuristic_online_replay,M2_PERIODIC_15,S,balanced,2,63.166666666666664,88.19999999999999,690.0,0.0,1.7598944591029027,1.5986394557823131,0.1246376811594203,0.0,S__balanced,test,R02_R03,34,34,0.07816091954022988,0,34,34,0.0,1.8666666666666667,6,30,435,0.17156415404270856,0.2595734744707348,0.1877637130801688,0.0,0.17026179489892787,0.16931242781032027,M0_FIFO_OFFICIAL,0.0009493670886075949,hard,False
GO_S_BALANCED_02,163.76666666666668,233.75,15.3,40.39999999999998,734.0,0.0,0.9523936619998494,25,heuristic_online_replay,M2_PERIODIC_30,S,balanced,2,63.166666666666664,88.19999999999999,690.0,0.0,1.5926121372031667,1.6502267573696148,0.06376811594202898,0.0,S__balanced,test,R02_R03,35,35,0.08045977011494253,0,35,35,0.0,1.9333333333333333,7,30,435,0.17710044411997328,0.2349003735990038,0.09915611814345991,0.0,0.1532937109752579,0.1523443438866503,M0_FIFO_OFFICIAL,0.0009493670886075949,hard,False
GO_S_BALANCED_02,86.0,148.95,12.166666666666666,47.99999999999994,687.0,0.0,1.6653334400007225,48,heuristic_online_replay,M3_EVENT_REACTIVE,S,balanced,2,63.166666666666664,88.19999999999999,690.0,0.0,0.3614775725593668,0.6887755102040817,-0.004347826086956522,0.0,S__balanced,test,R02_R03,5,5,0.011494252873563218,0,5,5,0.0,0.3333333333333333,1,30,435,0.07391859828435847,0.053315691158156917,0.0,0.0,0.046592292017500536,0.04564292492889294,M0_FIFO_OFFICIAL,0.0009493670886075949,hard,True
GO_S_BALANCED_02,81.7,118.64999999999999,8.1,32.599999999999966,687.0,0.0,1.6737332789998618,48,heuristic_online_replay,M5_ATC_EVENT,S,balanced,2,63.166666666666664,88.19999999999999,690.0,0.0,0.29340369393139853,0.3452380952380953,-0.004347826086956522,0.0,S__balanced,test,R02_R03,6,6,0.013793103448275862,0,6,6,0.0,0.4,3,30,435,0.03705055667092536,0.04327521793275219,0.0,0.0,0.027491554985104465,0.026542187896496868,M0_FIFO_OFFICIAL,0.0009493670886075949,hard,True
GO_S_BALANCED_02,86.0,148.95,12.166666666666666,47.99999999999994,687.0,0.0,1.664059153999915,48,heuristic_online_replay,M6_FIFO_PRIORITY_EVENT,S,balanced,2,63.166666666666664,88.19999999999999,690.0,0.0,0.3614775725593668,0.6887755102040817,-0.004347826086956522,0.0,S__balanced,test,R02_R03,5,5,0.011494252873563218,0,5,5,0.0,0.3333333333333333,1,30,435,0.07391859828435847,0.053315691158156917,0.0,0.0,0.046592292017500536,0.04564292492889294,M0_FIFO_OFFICIAL,0.0009493670886075949,hard,True
GO_S_BALANCED_02,101.86666666666666,141.75,47.666666666666664,85.55,750.0,0.0,4.491098064001562,30,m5_seeded_local_search,M7_REPAIR_LS,S,balanced,2,63.166666666666664,88.19999999999999,690.0,0.0,0.612664907651715,0.6071428571428573,0.08695652173913043,0.0,S__balanced,test,R02_R03,9,9,0.020689655172413793,0,9,9,0.0,0.5333333333333333,3,30,435,0.0651578755247308,0.09036425902864258,0.13291139240506328,0.0,0.071848817604049,0.0708994505154414,M0_FIFO_OFFICIAL,0.0009493670886075949,hard,True
GO_S_BALANCED_03,55.233333333333334,68.64999999999999,2.8333333333333335,10.299999999999983,688.0,0.0,0.0,1,official_release,M0_FIFO_OFFICIAL,S,balanced,3,55.233333333333334,68.64999999999999,688.0,0.0,0.0,0.0,0.0,0.0,S__balanced,test,R02_R03,0,0,0.0,0,0,0,0.0,0.0,0,30,435,0.0,0.0,0.0,0.0,0.0,0.0,M0_FIFO_OFFICIAL,0.0,easy,True
GO_S_BALANCED_03,440.6666666666667,936.8499999999997,387.3333333333333,884.1999999999997,1133.0,5957.0,0.15926124199995684,1,heuristic_feasible,M1_WEIGHTED_SLACK,S,balanced,3,55.233333333333334,68.64999999999999,688.0,0.0,6.978273989136994,12.64675892206846,0.6468023255813954,5957.0,S__balanced,test,R02_R03,248,248,0.5701149425287356,0,248,248,0.0,11.4,27,30,435,0.9848003629764064,0.9271910833132868,0.9447983014861996,0.8298102037262755,0.9411492099495758,0.9411492099495758,M0_FIFO_OFFICIAL,0.0,easy,False
GO_S_BALANCED_03,470.93333333333334,750.3,418.1333333333333,687.1999999999999,1111.0,7178.75,0.1141274980000162,1,heuristic_feasible,M1_SPT,S,balanced,3,55.233333333333334,68.64999999999999,688.0,0.0,7.526252263126131,9.929351784413694,0.6148255813953488,7178.75,S__balanced,test,R02_R03,210,210,0.4827586206896552,0,210,210,0.0,10.866666666666667,17,30,435,0.7731964609800365,1.0,0.8980891719745223,1.0,0.8826517832371947,0.8826517832371947,M0_FIFO_OFFICIAL,0.0,easy,False
GO_S_BALANCED_03,112.5,168.1,60.43333333333333,117.64999999999999,718.0,0.0,0.15202899900032207,1,heuristic_feasible,M1_EDD,S,balanced,3,55.233333333333334,68.64999999999999,688.0,0.0,1.036813518406759,1.4486525855790242,0.0436046511627907,0.0,S__balanced,test,R02_R03,24,24,0.05517241379310345,0,24,24,0.0,1.4,3,30,435,0.11280626134301273,0.1377596022772833,0.06369426751592357,0.0,0.09475685830106509,0.09475685830106509,M0_FIFO_OFFICIAL,0.0,easy,True
GO_S_BALANCED_03,425.46666666666664,831.0,372.6,779.85,1084.0,5950.75,0.12866130400016118,1,heuristic_feasible,M1_CR,S,balanced,3,55.233333333333334,68.64999999999999,688.0,0.0,6.703077851538925,11.104879825200292,0.5755813953488372,5950.75,S__balanced,test,R02_R03,227,227,0.5218390804597701,0,227,227,0.0,10.466666666666667,21,30,435,0.8647345735027225,0.8906262529067436,0.8407643312101911,0.8289395786174474,0.8622427077770567,0.8622427077770567,M0_FIFO_OFFICIAL,0.0,easy,False
GO_S_BALANCED_03,455.3666666666667,831.2,402.9,773.75,1159.0,6287.75,0.1555722319999404,1,heuristic_feasible,M1_WSPT,S,balanced,3,55.233333333333334,68.64999999999999,688.0,0.0,7.244417622208811,11.10779315367808,0.684593023255814,6287.75,S__balanced,test,R02_R03,220,220,0.5057471264367817,2,218,218,0.00909090909090909,11.333333333333334,21,30,435,0.8649614337568061,0.9625531232459306,1.0,0.8758836844854606,0.9112534786748645,0.9112534786748645,M0_FIFO_OFFICIAL,0.0,easy,False
GO_S_BALANCED_03,373.76666666666665,719.5999999999998,321.26666666666665,671.8999999999997,1023.0,5001.25,0.13525174900041748,1,heuristic_feasible,M1_MWKR,S,balanced,3,55.233333333333334,68.64999999999999,688.0,0.0,5.767048883524441,9.48215586307356,0.48691860465116277,5001.25,S__balanced,test,R02_R03,205,205,0.47126436781609193,0,205,205,0.0,9.666666666666666,23,30,435,0.7383734119782214,0.7662577179055408,0.7112526539278131,0.6966742120842765,0.7350214947683983,0.7350214947683983,M0_FIFO_OFFICIAL,0.0,easy,False
GO_S_BALANCED_03,452.56666666666666,950.2499999999998,400.5,899.8999999999997,1141.0,6233.25,0.11890828600007808,1,heuristic_feasible,M1_ATC_CANONICAL,S,balanced,3,55.233333333333334,68.64999999999999,688.0,0.0,7.193723596861798,12.841951930080116,0.6584302325581395,6233.25,S__balanced,test,R02_R03,263,263,0.6045977011494252,0,263,263,0.0,12.0,28,30,435,1.0,0.9558174965920936,0.9617834394904459,0.8682918335364792,0.9634656651020622,0.9634656651020622,M0_FIFO_OFFICIAL,0.0,easy,False
GO_S_BALANCED_03,139.43333333333334,199.75,3.8333333333333335,14.549999999999997,760.0,0.0,3.6554915860006076,51,heuristic_online_replay,M2_PERIODIC_15,S,balanced,3,55.233333333333334,68.64999999999999,688.0,0.0,1.5244417622208812,1.9096868171886385,0.10465116279069768,0.0,S__balanced,test,R02_R03,26,26,0.059770114942528735,0,26,26,0.0,1.4666666666666666,3,30,435,0.1487068965517242,0.20254991580466683,0.15286624203821655,0.0,0.1404855187051751,0.1404855187051751,M0_FIFO_OFFICIAL,0.0,easy,True
GO_S_BALANCED_03,143.93333333333334,203.29999999999998,14.333333333333334,29.0,792.0,0.0,0.9596502529993813,27,heuristic_online_replay,M2_PERIODIC_30,S,balanced,3,55.233333333333334,68.64999999999999,688.0,0.0,1.6059143029571514,1.9613983976693372,0.1511627906976744,0.0,S__balanced,test,R02_R03,29,29,0.06666666666666667,0,29,29,0.0,1.6666666666666667,4,30,435,0.152733666061706,0.21337503006976186,0.2208067940552017,0.0,0.15519492635348842,0.15519492635348842,M0_FIFO_OFFICIAL,0.0,easy,False
GO_S_BALANCED_03,69.83333333333333,113.49999999999997,6.766666666666667,36.04999999999991,688.0,0.0,1.5520967869997548,46,heuristic_online_replay,M3_EVENT_REACTIVE,S,balanced,3,55.233333333333334,68.64999999999999,688.0,0.0,0.26433313216656595,0.6533139111434813,0.0,0.0,S__balanced,test,R02_R03,2,2,0.004597701149425287,0,2,2,0.0,0.13333333333333333,1,30,435,0.05087341197822141,0.03512148183786383,0.0,0.0,0.03167340584966559,0.03167340584966559,M0_FIFO_OFFICIAL,0.0,easy,True
GO_S_BALANCED_03,64.63333333333334,91.55,6.4,29.849999999999923,688.0,0.0,1.5577228800002558,46,heuristic_online_replay,M5_ATC_EVENT,S,balanced,3,55.233333333333334,68.64999999999999,688.0,0.0,0.17018708509354263,0.3335761107064823,0.0,0.0,S__balanced,test,R02_R03,1,1,0.0022988505747126436,0,1,1,0.0,0.06666666666666667,1,30,435,0.025975499092558998,0.02261246090930961,0.0,0.0,0.017342089818978952,0.017342089818978952,M0_FIFO_OFFICIAL,0.0,easy,True
GO_S_BALANCED_03,69.83333333333333,113.49999999999997,6.766666666666667,36.04999999999991,688.0,0.0,1.5346640909992857,46,heuristic_online_replay,M6_FIFO_PRIORITY_EVENT,S,balanced,3,55.233333333333334,68.64999999999999,688.0,0.0,0.26433313216656595,0.6533139111434813,0.0,0.0,S__balanced,test,R02_R03,2,2,0.004597701149425287,0,2,2,0.0,0.13333333333333333,1,30,435,0.05087341197822141,0.03512148183786383,0.0,0.0,0.03167340584966559,0.03167340584966559,M0_FIFO_OFFICIAL,0.0,easy,True
GO_S_BALANCED_03,100.36666666666666,160.49999999999997,47.9,105.74999999999999,753.0,0.0,4.449385287998666,28,m5_seeded_local_search,M7_REPAIR_LS,S,balanced,3,55.233333333333334,68.64999999999999,688.0,0.0,0.8171394085697041,1.3379461034231608,0.09447674418604651,0.0,S__balanced,test,R02_R03,7,7,0.016091954022988506,0,7,7,0.0,0.3333333333333333,3,30,435,0.10418557168784029,0.10857188677732338,0.13800424628450106,0.0,0.09472711589653413,0.09472711589653413,M0_FIFO_OFFICIAL,0.0,easy,True
GO_S_DISRUPTED_01,87.7,142.64999999999998,30.825,85.19999999999999,560.0,0.0,0.0,1,official_release,M0_FIFO_OFFICIAL,S,disrupted,1,87.7,142.64999999999998,560.0,0.0,0.0,0.0,0.0,0.0,S__disrupted,calibration,R01,0,0,0.0,0,0,0,0.0,0.0,0,40,780,0.0,0.0,0.0,0.0,0.0,0.0,M0_FIFO_OFFICIAL,0.0,easy,True
GO_S_DISRUPTED_01,661.975,1169.1,605.05,1118.0,1347.0,16849.0,0.2418254900003376,1,heuristic_feasible,M1_WEIGHTED_SLACK,S,disrupted,1,87.7,142.64999999999998,560.0,0.0,6.5481755986316985,7.195583596214511,1.4053571428571427,16849.0,S__disrupted,calibration,R01,366,366,0.46923076923076923,23,343,343,0.06284153005464481,12.45,31,40,780,1.0,0.9980448383733055,1.0,0.9914092380111797,0.9982225952950033,0.9982225952950033,M0_FIFO_OFFICIAL,0.0,easy,False
GO_S_DISRUPTED_01,579.825,1038.5499999999997,523.4,969.9499999999998,1214.0,16324.0,0.15867173100014043,1,heuristic_feasible,M1_SPT,S,disrupted,1,87.7,142.64999999999998,560.0,0.0,5.611459521094641,6.280406589554854,1.167857142857143,16324.0,S__disrupted,calibration,R01,380,380,0.48717948717948717,1,379,379,0.002631578947368421,13.0,34,40,780,0.8728140679039407,0.8552745915884603,0.8310038119440915,0.9605177993527508,0.8753132201484147,0.8753132201484147,M0_FIFO_OFFICIAL,0.0,easy,False
GO_S_DISRUPTED_01,261.35,421.29999999999995,204.85,359.59999999999997,873.0,1355.25,0.16722144499999558,1,heuristic_feasible,M1_EDD,S,disrupted,1,87.7,142.64999999999998,560.0,0.0,1.9800456100342079,1.9533824044865056,0.5589285714285714,1355.25,S__disrupted,calibration,R01,56,56,0.07179487179487179,0,56,56,0.0,2.2,6,40,780,0.27146962833065424,0.3017900590893292,0.397712833545108,0.07974404236540159,0.2692273789077032,0.2692273789077032,M0_FIFO_OFFICIAL,0.0,easy,False
GO_S_DISRUPTED_01,545.825,1075.25,489.45,1021.3,1210.0,11823.25,0.17119752400049038,1,heuristic_feasible,M1_CR,S,disrupted,1,87.7,142.64999999999998,560.0,0.0,5.223774230330673,6.537679635471434,1.1607142857142858,11823.25,S__disrupted,calibration,R01,359,359,0.46025641025641023,4,355,355,0.011142061281337047,12.2,33,40,780,0.9085683667007649,0.7961852624261385,0.8259212198221093,0.6956899087967049,0.836143749914701,0.836143749914701,M0_FIFO_OFFICIAL,0.0,easy,False
GO_S_DISRUPTED_01,663.1,1118.4499999999998,606.55,1062.6,1337.0,16995.0,0.1675460659998862,1,heuristic_feasible,M1_WSPT,S,disrupted,1,87.7,142.64999999999998,560.0,0.0,6.561003420752565,6.840518752190676,1.3875,16995.0,S__disrupted,calibration,R01,334,334,0.4282051282051282,11,323,323,0.03293413173652695,11.5,31,40,780,0.9506551707340835,1.0,0.9872935196950444,1.0,0.9758888547845942,0.9758888547845942,M0_FIFO_OFFICIAL,0.0,easy,False
GO_S_DISRUPTED_01,593.15,1002.9499999999997,537.2,953.0499999999997,1210.0,16145.0,0.15434747600011178,1,heuristic_feasible,M1_MWKR,S,disrupted,1,87.7,142.64999999999998,560.0,0.0,5.7633979475484605,6.030844724851033,1.1607142857142858,16145.0,S__disrupted,calibration,R01,354,354,0.45384615384615384,8,346,346,0.022598870056497175,12.15,34,40,780,0.8381314238394465,0.8784323948557525,0.8259212198221093,0.9499852897911151,0.8631532158836728,0.8631532158836728,M0_FIFO_OFFICIAL,0.0,easy,False
GO_S_DISRUPTED_01,636.65,1132.2,580.475,1080.1,1271.0,15840.0,0.12791494300017803,1,heuristic_feasible,M1_ATC_CANONICAL,S,disrupted,1,87.7,142.64999999999998,560.0,0.0,6.2594070695553015,6.936908517350159,1.269642857142857,15840.0,S__disrupted,calibration,R01,373,373,0.4782051282051282,11,362,362,0.029490616621983913,12.7,27,40,780,0.9640508548882072,0.9540319777546055,0.9034307496823379,0.9320388349514563,0.9476513168334139,0.9476513168334139,M0_FIFO_OFFICIAL,0.0,easy,False
GO_S_DISRUPTED_01,294.325,411.2,7.875,21.299999999999983,851.0,1840.5,6.659518185000707,57,heuristic_online_replay,M2_PERIODIC_15,S,disrupted,1,87.7,142.64999999999998,560.0,0.0,2.356043329532497,1.882579740623905,0.5196428571428572,1840.5,S__disrupted,calibration,R01,73,73,0.09358974358974359,0,73,73,0.0,2.85,9,40,780,0.2616298894247163,0.3590980187695516,0.3697585768742058,0.10829655781112092,0.2792162251363093,0.2792162251363093,M0_FIFO_OFFICIAL,0.0,easy,False
GO_S_DISRUPTED_01,312.275,448.34999999999997,16.025,36.0,915.0,2686.75,1.7887202000001707,31,heuristic_online_replay,M2_PERIODIC_30,S,disrupted,1,87.7,142.64999999999998,560.0,0.0,2.5607183580387685,2.1430073606729763,0.6339285714285714,2686.75,S__disrupted,calibration,R01,68,68,0.08717948717948718,0,68,68,0.0,2.65,9,40,780,0.2978225924302207,0.39029370872436564,0.45108005082592123,0.1580906148867314,0.3229691936315886,0.3229691936315886,M0_FIFO_OFFICIAL,0.0,easy,False
GO_S_DISRUPTED_01,172.725,279.45,21.075,81.05,692.0,13.0,3.2136471989997517,62,heuristic_online_replay,M3_EVENT_REACTIVE,S,disrupted,1,87.7,142.64999999999998,560.0,0.0,0.9694982896237171,0.9589905362776028,0.2357142857142857,13.0,S__disrupted,calibration,R01,57,57,0.07307692307692308,1,56,56,0.017543859649122806,2.4,6,40,780,0.13327487943884264,0.14776677094195342,0.16772554002541296,0.0007649308620182407,0.12218895911608223,0.12218895911608223,M0_FIFO_OFFICIAL,0.0,easy,True
GO_S_DISRUPTED_01,162.325,294.1499999999999,14.275,44.69999999999979,680.0,8.0,3.1439881140004218,62,heuristic_online_replay,M5_ATC_EVENT,S,disrupted,1,87.7,142.64999999999998,560.0,0.0,0.8509122006841503,1.0620399579390114,0.21428571428571427,8.0,S__disrupted,calibration,R01,37,37,0.047435897435897434,0,37,37,0.0,1.45,6,40,780,0.1475960835890691,0.12969238790406673,0.15247776365946633,0.0004707266843189173,0.12178360814266556,0.12178360814266556,M0_FIFO_OFFICIAL,0.0,easy,True
GO_S_DISRUPTED_01,209.95,463.45,29.775,111.24999999999976,759.0,599.0,3.2451066040011938,62,heuristic_online_replay,M6_FIFO_PRIORITY_EVENT,S,disrupted,1,87.7,142.64999999999998,560.0,0.0,1.3939566704675026,2.248860848229934,0.35535714285714287,599.0,S__disrupted,calibration,R01,79,79,0.10128205128205128,1,78,78,0.012658227848101266,3.45,8,40,780,0.3125334892103854,0.2124608967674661,0.25285895806861497,0.03524566048837893,0.23697098712008902,0.23697098712008902,M0_FIFO_OFFICIAL,0.0,easy,False
GO_S_DISRUPTED_01,243.625,417.79999999999995,186.55,364.74999999999994,866.0,1215.5,5.856423126999289,33,m5_seeded_local_search,M7_REPAIR_LS,S,disrupted,1,87.7,142.64999999999998,560.0,0.0,1.7779361459521095,1.9288468279004558,0.5464285714285714,1215.5,S__disrupted,calibration,R01,48,48,0.06153846153846154,0,48,48,0.0,1.7,7,40,780,0.26805981781869553,0.27098540145985406,0.38881829733163914,0.0715210355987055,0.2574241683229282,0.2574241683229282,M0_FIFO_OFFICIAL,0.0,easy,False
GO_S_DISRUPTED_02,85.675,147.34999999999997,28.95,88.1,607.0,0.0,0.0,1,official_release,M0_FIFO_OFFICIAL,S,disrupted,2,85.675,147.34999999999997,607.0,0.0,0.0,0.0,0.0,0.0,S__disrupted,test,R02_R03,0,0,0.0,0,0,0,0.0,0.0,0,40,780,0.0,0.0,0.0,0.0,0.0,0.0,M0_FIFO_OFFICIAL,0.0,easy,True
GO_S_DISRUPTED_02,683.175,1080.0999999999997,627.3,1026.9499999999998,1326.0,16026.75,0.22090059900074266,1,heuristic_feasible,M1_WEIGHTED_SLACK,S,disrupted,2,85.675,147.34999999999997,607.0,0.0,6.97402976364167,6.330166270783848,1.1845140032948929,16026.75,S__disrupted,test,R02_R03,418,418,0.5358974358974359,24,394,394,0.05741626794258373,14.1,35,40,780,1.0,0.999456362647932,0.9651006711409396,0.9917543316831683,0.9933923410855992,0.9933923410855992,M0_FIFO_OFFICIAL,0.0,easy,False
GO_S_DISRUPTED_02,469.075,826.4499999999997,413.125,763.6499999999996,1080.0,9699.0,0.25924168799974723,1,heuristic_feasible,M1_SPT,S,disrupted,2,85.675,147.34999999999997,607.0,0.0,4.475051065071491,4.608754665761791,0.7792421746293245,9699.0,S__disrupted,test,R02_R03,330,330,0.4230769230769231,0,330,330,0.0,11.95,37,40,780,0.7280621817207181,0.6413248024087316,0.6348993288590604,0.6001856435643564,0.6732219282400186,0.6732219282400186,M0_FIFO_OFFICIAL,0.0,easy,False
GO_S_DISRUPTED_02,227.4,387.29999999999995,170.875,331.25,864.0,299.5,0.1700712450001447,1,heuristic_feasible,M1_EDD,S,disrupted,2,85.675,147.34999999999997,607.0,0.0,1.6542165159031226,1.6284356973193082,0.4233937397034596,299.5,S__disrupted,test,R02_R03,68,68,0.08717948717948718,0,68,68,0.0,2.7,6,40,780,0.2572500670061646,0.2370677037594614,0.34496644295302015,0.018533415841584158,0.22955443491183006,0.22955443491183006,M0_FIFO_OFFICIAL,0.0,easy,False
GO_S_DISRUPTED_02,647.075,1038.2999999999995,591.0,986.2499999999995,1283.0,14835.75,0.1886482479994811,1,heuristic_feasible,M1_CR,S,disrupted,2,85.675,147.34999999999997,607.0,0.0,6.552669973737965,6.046487953851373,1.113673805601318,14835.75,S__disrupted,test,R02_R03,422,422,0.541025641025641,24,398,398,0.05687203791469194,14.65,33,40,780,0.9551862771374965,0.9390707983105424,0.9073825503355705,0.9180538366336634,0.938416982334894,0.938416982334894,M0_FIFO_OFFICIAL,0.0,easy,False
GO_S_DISRUPTED_02,605.575,1006.1,549.95,943.5,1268.0,13305.75,0.1709148299996741,1,heuristic_feasible,M1_WSPT,S,disrupted,2,85.675,147.34999999999997,607.0,0.0,6.068281295593815,5.8279606379368865,1.0889621087314663,13305.75,S__disrupted,test,R02_R03,386,386,0.4948717948717949,14,372,372,0.03626943005181347,13.85,25,40,780,0.9206647011525062,0.8696524902772551,0.887248322147651,0.8233756188118811,0.8883058292318715,0.8883058292318715,M0_FIFO_OFFICIAL,0.0,easy,False
GO_S_DISRUPTED_02,567.975,1034.3,511.3,979.25,1214.0,13521.25,0.14910392599995248,1,heuristic_feasible,M1_MWKR,S,disrupted,2,85.675,147.34999999999997,607.0,0.0,5.629413481178874,6.019341703427216,1.0,13521.25,S__disrupted,test,R02_R03,379,379,0.4858974358974359,7,372,372,0.018469656992084433,13.85,31,40,780,0.9508978826051999,0.8067578304687826,0.8147651006711409,0.8367110148514851,0.8773149221179294,0.8773149221179294,M0_FIFO_OFFICIAL,0.0,easy,False
GO_S_DISRUPTED_02,683.5,1069.6999999999996,626.9,1008.0499999999996,1352.0,16160.0,0.14810405199932575,1,heuristic_feasible,M1_ATC_CANONICAL,S,disrupted,2,85.675,147.34999999999997,607.0,0.0,6.977823168952438,6.259586019681031,1.227347611202636,16160.0,S__disrupted,test,R02_R03,416,416,0.5333333333333333,31,385,385,0.07451923076923077,14.25,34,40,780,0.9888501742160277,1.0,1.0,1.0,0.9949825783972126,0.9949825783972126,M0_FIFO_OFFICIAL,0.0,easy,False
GO_S_DISRUPTED_02,270.225,378.65,8.7,28.19999999999999,843.0,570.0,6.4029389190000074,56,heuristic_online_replay,M2_PERIODIC_15,S,disrupted,2,85.675,147.34999999999997,607.0,0.0,2.154070615698862,1.5697319307770619,0.38879736408566723,570.0,S__disrupted,test,R02_R03,101,101,0.1294871794871795,0,101,101,0.0,3.9,8,40,780,0.24797641383007243,0.30870237945887175,0.3167785234899329,0.03527227722772277,0.24157260119589885,0.24157260119589885,M0_FIFO_OFFICIAL,0.0,easy,False
GO_S_DISRUPTED_02,309.55,408.44999999999993,18.85,43.249999999999986,892.0,1801.5,1.7987777090002055,30,heuristic_online_replay,M2_PERIODIC_30,S,disrupted,2,85.675,147.34999999999997,607.0,0.0,2.613072658301722,1.7719714964370548,0.4695222405271829,1801.5,S__disrupted,test,R02_R03,95,95,0.12179487179487179,0,95,95,0.0,3.75,8,40,780,0.2799249530956848,0.37448249905908915,0.3825503355704698,0.1114789603960396,0.2936912480528069,0.2936912480528069,M0_FIFO_OFFICIAL,0.0,easy,False
GO_S_DISRUPTED_02,145.275,229.59999999999997,18.3,65.09999999999988,699.0,0.0,3.203651529000126,62,heuristic_online_replay,M3_EVENT_REACTIVE,S,disrupted,2,85.675,147.34999999999997,607.0,0.0,0.6956521739130436,0.5581947743467934,0.1515650741350906,0.0,S__disrupted,test,R02_R03,36,36,0.046153846153846156,0,36,36,0.0,1.55,6,40,780,0.08818011257035649,0.09969472671768495,0.12348993288590604,0.0,0.08312822226896757,0.08312822226896757,M0_FIFO_OFFICIAL,0.0,easy,True
GO_S_DISRUPTED_02,125.975,216.6499999999998,15.325,47.94999999999989,677.0,0.0,3.1539494269991337,62,heuristic_online_replay,M5_ATC_EVENT,S,disrupted,2,85.675,147.34999999999997,607.0,0.0,0.4703822585351619,0.47030878859857383,0.11532125205930807,0.0,S__disrupted,test,R02_R03,35,35,0.04487179487179487,0,35,35,0.0,1.45,6,40,780,0.07429643527204488,0.06741103165642118,0.09395973154362416,0.0,0.06438011351806912,0.06438011351806912,M0_FIFO_OFFICIAL,0.0,easy,True
GO_S_DISRUPTED_02,145.5,259.9,17.475,52.749999999999844,699.0,0.0,3.184561510999629,62,heuristic_online_replay,M6_FIFO_PRIORITY_EVENT,S,disrupted,2,85.675,147.34999999999997,607.0,0.0,0.6982783775897287,0.7638276213098069,0.1515650741350906,0.0,S__disrupted,test,R02_R03,35,35,0.04487179487179487,0,35,35,0.0,1.55,6,40,780,0.12066470115250608,0.10007109103834734,0.12348993288590604,0.0,0.09784037821110048,0.09784037821110048,M0_FIFO_OFFICIAL,0.0,easy,True
GO_S_DISRUPTED_02,218.15,388.25,161.8,334.1,859.0,349.5,5.854865176999738,30,m5_seeded_local_search,M7_REPAIR_LS,S,disrupted,2,85.675,147.34999999999997,607.0,0.0,1.546250364750511,1.6348829317950464,0.41515650741350907,349.5,S__disrupted,test,R02_R03,54,54,0.06923076923076923,0,54,54,0.0,2.05,7,40,780,0.2582685607075852,0.22159494835445157,0.338255033557047,0.02162747524752475,0.22560196572771202,0.22560196572771202,M0_FIFO_OFFICIAL,0.0,easy,False
GO_S_DISRUPTED_03,93.8,137.59999999999997,37.125,82.59999999999997,628.0,0.0,0.0,1,official_release,M0_FIFO_OFFICIAL,S,disrupted,3,93.8,137.59999999999997,628.0,0.0,0.0,0.0,0.0,0.0,S__disrupted,test,R02_R03,0,0,0.0,0,0,0,0.0,0.0,0,40,780,0.0,0.0,0.0,0.0,0.0,0.0,M0_FIFO_OFFICIAL,0.0,easy,True
GO_S_DISRUPTED_03,601.2,1042.2,545.625,983.3,1229.0,13266.5,0.24968429100044887,1,heuristic_feasible,M1_WEIGHTED_SLACK,S,disrupted,3,93.8,137.59999999999997,628.0,0.0,5.409381663113007,6.574127906976747,0.9570063694267515,13266.5,S__disrupted,test,R02_R03,389,389,0.4987179487179487,2,387,387,0.005141388174807198,13.4,33,40,780,1.0,1.0,1.0,1.0,1.0,1.0,M0_FIFO_OFFICIAL,0.0,easy,False
GO_S_DISRUPTED_03,528.825,1017.6999999999999,473.225,956.6999999999999,1207.0,12374.5,0.22632882400012022,1,heuristic_feasible,M1_SPT,S,disrupted,3,93.8,137.59999999999997,628.0,0.0,4.6377931769722816,6.396075581395349,0.9219745222929936,12374.5,S__disrupted,test,R02_R03,392,392,0.5025641025641026,2,390,390,0.00510204081632653,13.95,37,40,780,0.972916206057926,0.8573610563657864,0.9633943427620633,0.9327629744092263,0.9365761543932067,0.9365761543932067,M0_FIFO_OFFICIAL,0.0,easy,False
GO_S_DISRUPTED_03,311.0,482.15,255.2,417.74999999999994,986.0,2015.75,0.16875517900007253,1,heuristic_feasible,M1_EDD,S,disrupted,3,93.8,137.59999999999997,628.0,0.0,2.3155650319829424,2.5039970930232567,0.5700636942675159,2015.75,S__disrupted,test,R02_R03,81,81,0.10384615384615385,0,81,81,0.0,3.3,9,40,780,0.3808865797037364,0.42806464327946386,0.5956738768718802,0.15194286360381412,0.3905576327579015,0.3905576327579015,M0_FIFO_OFFICIAL,0.0,easy,False
GO_S_DISRUPTED_03,530.125,906.3999999999997,474.15,852.3499999999998,1155.0,11419.0,0.17511180699966644,1,heuristic_feasible,M1_CR,S,disrupted,3,93.8,137.59999999999997,628.0,0.0,4.651652452025586,5.587209302325581,0.839171974522293,11419.0,S__disrupted,test,R02_R03,383,383,0.491025641025641,1,382,382,0.0026109660574412533,12.95,28,40,780,0.8498783992925045,0.8599231375640519,0.8768718801996672,0.8607394565258357,0.8580677645814655,0.8580677645814655,M0_FIFO_OFFICIAL,0.0,easy,False
GO_S_DISRUPTED_03,539.55,922.3999999999996,483.375,866.0499999999996,1176.0,10836.0,0.23925148800026363,1,heuristic_feasible,M1_WSPT,S,disrupted,3,93.8,137.59999999999997,628.0,0.0,4.752132196162046,5.703488372093022,0.8726114649681529,10836.0,S__disrupted,test,R02_R03,386,386,0.4948717948717949,1,385,385,0.0025906735751295338,13.2,37,40,780,0.8675657749281446,0.878498226251478,0.9118136439267887,0.8167941808314175,0.8693203289942655,0.8693203289942655,M0_FIFO_OFFICIAL,0.0,easy,False
GO_S_DISRUPTED_03,486.55,826.8,430.825,778.5,1079.0,11484.0,0.13528097700054786,1,heuristic_feasible,M1_MWKR,S,disrupted,3,93.8,137.59999999999997,628.0,0.0,4.187100213219616,5.00872093023256,0.7181528662420382,11484.0,S__disrupted,test,R02_R03,333,333,0.4269230769230769,0,333,333,0.0,12.6,21,40,780,0.7618837055051956,0.7740441466298777,0.7504159733777038,0.8656390155655221,0.7787669524762912,0.7787669524762912,M0_FIFO_OFFICIAL,0.0,easy,False
GO_S_DISRUPTED_03,580.0,1013.9999999999998,524.2,960.3999999999997,1219.0,12390.25,0.15093917200010765,1,heuristic_feasible,M1_ATC_CANONICAL,S,disrupted,3,93.8,137.59999999999997,628.0,0.0,5.183368869936034,6.369186046511628,0.9410828025477707,12390.25,S__disrupted,test,R02_R03,384,384,0.49230769230769234,0,384,384,0.0,13.35,36,40,780,0.9688260004421841,0.9582183681513597,0.9833610648918469,0.9339501752534579,0.9631229782586186,0.9631229782586186,M0_FIFO_OFFICIAL,0.0,easy,False
GO_S_DISRUPTED_03,302.575,420.05,8.4,22.099999999999994,897.0,1110.5,6.908060607000152,60,heuristic_online_replay,M2_PERIODIC_15,S,disrupted,3,93.8,137.59999999999997,628.0,0.0,2.2257462686567164,2.052688953488373,0.428343949044586,1110.5,S__disrupted,test,R02_R03,98,98,0.12564102564102564,0,98,98,0.0,3.85,9,40,780,0.31223745301790845,0.41146038628301135,0.4475873544093178,0.08370708174725813,0.32306611585229805,0.32306611585229805,M0_FIFO_OFFICIAL,0.0,easy,False
GO_S_DISRUPTED_03,292.925,407.65,19.85,42.449999999999974,872.0,861.75,1.7187208639998062,29,heuristic_online_replay,M2_PERIODIC_30,S,disrupted,3,93.8,137.59999999999997,628.0,0.0,2.1228678038379534,1.9625726744186052,0.3885350318471338,861.75,S__disrupted,test,R02_R03,104,104,0.13333333333333333,0,104,104,0.0,4.0,9,40,780,0.2985297369002874,0.39244186046511625,0.4059900166389351,0.06495684619153506,0.30309087614597896,0.30309087614597896,M0_FIFO_OFFICIAL,0.0,easy,False
GO_S_DISRUPTED_03,154.875,246.34999999999997,18.175,40.249999999999986,641.0,0.0,3.314867914000388,63,heuristic_online_replay,M3_EVENT_REACTIVE,S,disrupted,3,93.8,137.59999999999997,628.0,0.0,0.6511194029850746,0.7903343023255816,0.020700636942675158,0.0,S__disrupted,test,R02_R03,50,50,0.0641025641025641,0,50,50,0.0,2.05,8,40,780,0.12021888127349102,0.12036854552621205,0.021630615640599003,0.0,0.08743522530071383,0.08743522530071383,M0_FIFO_OFFICIAL,0.0,easy,True
GO_S_DISRUPTED_03,131.05,202.89999999999995,15.3,43.0,645.0,0.0,3.1929108079993966,63,heuristic_online_replay,M5_ATC_EVENT,S,disrupted,3,93.8,137.59999999999997,628.0,0.0,0.39712153518123683,0.4745639534883721,0.027070063694267517,0.0,S__disrupted,test,R02_R03,45,45,0.057692307692307696,0,45,45,0.0,2.05,7,40,780,0.07218660181295597,0.07341348048876628,0.028286189683860232,0.0,0.055080269390600796,0.055080269390600796,M0_FIFO_OFFICIAL,0.0,easy,True
GO_S_DISRUPTED_03,159.725,285.24999999999994,17.075,45.6999999999999,667.0,0.0,3.3405882800016116,63,heuristic_online_replay,M6_FIFO_PRIORITY_EVENT,S,disrupted,3,93.8,137.59999999999997,628.0,0.0,0.7028251599147122,1.0730377906976745,0.06210191082802548,0.0,S__disrupted,test,R02_R03,46,46,0.05897435897435897,0,46,46,0.0,1.95,8,40,780,0.1632213132876409,0.12992707922743396,0.064891846921797,0.0,0.11566513782456644,0.11566513782456644,M0_FIFO_OFFICIAL,0.0,easy,True
GO_S_DISRUPTED_03,225.05,348.3999999999999,169.0,292.04999999999995,842.0,57.5,5.8649573319999035,30,m5_seeded_local_search,M7_REPAIR_LS,S,disrupted,3,93.8,137.59999999999997,628.0,0.0,1.3992537313432836,1.5319767441860466,0.34076433121019106,57.5,S__disrupted,test,R02_R03,51,51,0.06538461538461539,0,51,51,0.0,2.05,7,40,780,0.23303117399955772,0.2586716594402838,0.3560732113144759,0.004334225304337995,0.223593058652694,0.223593058652694,M0_FIFO_OFFICIAL,0.0,easy,False
GO_S_PEAK_01,81.025,114.24999999999999,24.175,61.14999999999999,615.0,0.0,0.0,1,official_release,M0_FIFO_OFFICIAL,S,peak,1,81.025,114.24999999999999,615.0,0.0,0.0,0.0,0.0,0.0,S__peak,calibration,R01,0,0,0.0,0,0,0,0.0,0.0,0,40,780,0.0,0.0,0.0,0.0,0.0,0.0,M0_FIFO_OFFICIAL,0.0,easy,True
GO_S_PEAK_01,709.7,1145.2499999999998,653.175,1093.1,1333.0,18891.75,0.2263209069997174,1,heuristic_feasible,M1_WEIGHTED_SLACK,S,peak,1,81.025,114.24999999999999,615.0,0.0,7.7590249922863315,9.024070021881837,1.167479674796748,18891.75,S__peak,calibration,R01,363,363,0.4653846153846154,29,334,334,0.07988980716253444,12.9,34,40,780,1.0,1.0,1.0,1.0,1.0,1.0,M0_FIFO_OFFICIAL,0.0,easy,False
GO_S_PEAK_01,556.725,1014.3999999999999,500.225,945.6499999999999,1196.0,15911.25,0.17633253399981186,1,heuristic_feasible,M1_SPT,S,peak,1,81.025,114.24999999999999,615.0,0.0,5.87102746066029,7.878774617067833,0.9447154471544715,15911.25,S__peak,calibration,R01,456,456,0.5846153846153846,0,456,456,0.0,15.7,32,40,780,0.8730843840931135,0.7566707758380721,0.8091922005571031,0.8422327206320219,0.8297694049797878,0.8297694049797878,M0_FIFO_OFFICIAL,0.0,easy,False
GO_S_PEAK_01,196.275,299.25,140.025,249.25,866.0,3.0,0.16603055500036135,1,heuristic_feasible,M1_EDD,S,peak,1,81.025,114.24999999999999,615.0,0.0,1.4224004936747916,1.6192560175054707,0.408130081300813,3.0,S__peak,calibration,R01,24,24,0.03076923076923077,0,24,24,0.0,1.1,4,40,780,0.1794374393792435,0.18332206625044736,0.34958217270194986,0.00015879947596172933,0.17903851010995817,0.17903851010995817,M0_FIFO_OFFICIAL,0.0,easy,False
GO_S_PEAK_01,601.85,1024.3,544.825,968.4499999999999,1179.0,14257.5,0.15675728499991237,1,heuristic_feasible,M1_CR,S,peak,1,81.025,114.24999999999999,615.0,0.0,6.427954335081765,7.965426695842451,0.9170731707317074,14257.5,S__peak,calibration,R01,350,350,0.44871794871794873,4,346,346,0.011428571428571429,11.85,30,40,780,0.882686711930165,0.8284487215174772,0.7855153203342619,0.7546945095081187,0.8353526752243006,0.8353526752243006,M0_FIFO_OFFICIAL,0.0,easy,False
GO_S_PEAK_01,557.4,1070.0,500.8,1013.4499999999999,1198.0,12353.75,0.18443018600009964,1,heuristic_feasible,M1_WSPT,S,peak,1,81.025,114.24999999999999,615.0,0.0,5.879358222770749,8.365426695842451,0.9479674796747968,12353.75,S__peak,calibration,R01,354,354,0.45384615384615384,3,351,351,0.00847457627118644,12.55,33,40,780,0.9270126091173619,0.7577444625601463,0.8119777158774373,0.6539230087207379,0.8264768984325758,0.8264768984325758,M0_FIFO_OFFICIAL,0.0,easy,False
GO_S_PEAK_01,499.075,850.2499999999995,442.9,796.2999999999995,1174.0,10735.0,0.12819524999940768,1,heuristic_feasible,M1_MWKR,S,peak,1,81.025,114.24999999999999,615.0,0.0,5.1595186670780615,6.4420131291028415,0.9089430894308943,10735.0,S__peak,calibration,R01,271,271,0.3474358974358974,1,270,270,0.0036900369003690036,9.55,29,40,780,0.7138700290979628,0.6649699765379566,0.7785515320334262,0.5682374581497215,0.6895023557560446,0.6895023557560446,M0_FIFO_OFFICIAL,0.0,easy,False
GO_S_PEAK_01,571.35,912.6499999999996,515.2,858.5999999999997,1175.0,13382.5,0.1576211619994865,1,heuristic_feasible,M1_ATC_CANONICAL,S,peak,1,81.025,114.24999999999999,615.0,0.0,6.051527306386918,6.988183807439823,0.9105691056910569,13382.5,S__peak,calibration,R01,382,382,0.4897435897435897,3,379,379,0.007853403141361256,13.35,35,40,780,0.7743937924345294,0.7799339881496798,0.7799442896935933,0.7083779956859476,0.7667090464398894,0.7667090464398894,M0_FIFO_OFFICIAL,0.0,easy,False
GO_S_PEAK_01,183.125,263.04999999999995,6.05,16.049999999999997,768.0,0.0,3.685098011000264,51,heuristic_online_replay,M2_PERIODIC_15,S,peak,1,81.025,114.24999999999999,615.0,0.0,1.2601049058932428,1.3024070021881835,0.24878048780487805,0.0,S__peak,calibration,R01,55,55,0.07051282051282051,0,55,55,0.0,2.3,6,40,780,0.14432589718719688,0.1624050582574462,0.21309192200557103,0.0,0.1375117065994358,0.1375117065994358,M0_FIFO_OFFICIAL,0.0,easy,True
GO_S_PEAK_01,232.625,322.34999999999997,14.85,33.05,817.0,33.0,1.4191134230004536,28,heuristic_online_replay,M2_PERIODIC_30,S,peak,1,81.025,114.24999999999999,615.0,0.0,1.87102746066029,1.8214442013129102,0.3284552845528455,33.0,S__peak,calibration,R01,46,46,0.05897435897435897,0,46,46,0.0,1.85,5,40,780,0.2018428709990301,0.2411420845428878,0.28133704735376047,0.0017467942355790225,0.1935773893236864,0.1935773893236864,M0_FIFO_OFFICIAL,0.0,easy,False
GO_S_PEAK_01,133.675,224.34999999999997,17.25,55.249999999999986,658.0,0.0,2.5708112160000383,56,heuristic_online_replay,M3_EVENT_REACTIVE,S,peak,1,81.025,114.24999999999999,615.0,0.0,0.6497994446158594,0.9636761487964989,0.06991869918699187,0.0,S__peak,calibration,R01,36,36,0.046153846153846156,0,36,36,0.0,1.7,6,40,780,0.10678952473326868,0.08374756432178788,0.05988857938718663,0.0,0.07797546411849587,0.07797546411849587,M0_FIFO_OFFICIAL,0.0,easy,True
GO_S_PEAK_01,119.075,198.29999999999998,17.75,49.19999999999999,649.0,0.0,2.5286542740004734,56,heuristic_online_replay,M5_ATC_EVENT,S,peak,1,81.025,114.24999999999999,615.0,0.0,0.4696081456340635,0.7356673960612692,0.055284552845528454,0.0,S__peak,calibration,R01,20,20,0.02564102564102564,0,20,20,0.0,0.85,4,40,780,0.0815227934044617,0.060524118185071765,0.04735376044568245,0.0,0.05891935064512808,0.05891935064512808,M0_FIFO_OFFICIAL,0.0,easy,True
GO_S_PEAK_01,171.375,353.5,33.5,115.04999999999994,726.0,194.0,2.7046008489996893,56,heuristic_online_replay,M6_FIFO_PRIORITY_EVENT,S,peak,1,81.025,114.24999999999999,615.0,0.0,1.115087935822277,2.094091903719913,0.18048780487804877,194.0,S__peak,calibration,R01,61,61,0.0782051282051282,0,61,61,0.0,2.8,8,40,780,0.2320562560620757,0.14371495605837672,0.15459610027855153,0.010269032778858496,0.16508382420113976,0.16508382420113976,M0_FIFO_OFFICIAL,0.0,easy,False
GO_S_PEAK_01,195.575,300.1,138.775,246.0,791.0,0.0,5.19687282400082,35,m5_seeded_local_search,M7_REPAIR_LS,S,peak,1,81.025,114.24999999999999,615.0,0.0,1.4137611848194997,1.6266958424507663,0.2861788617886179,0.0,S__peak,calibration,R01,31,31,0.03974358974358974,0,31,31,0.0,1.25,5,40,780,0.18026188166828327,0.18220861335348149,0.24512534818941503,0.0,0.1634388023175101,0.1634388023175101,M0_FIFO_OFFICIAL,0.0,easy,False
GO_S_PEAK_02,75.625,111.29999999999998,21.725,54.05,677.0,0.0,0.0,1,official_release,M0_FIFO_OFFICIAL,S,peak,2,75.625,111.29999999999998,677.0,0.0,0.0,0.0,0.0,0.0,S__peak,test,R02_R03,0,0,0.0,0,0,0,0.0,0.0,0,40,780,0.0,0.0,0.0,0.0,0.0,0.0,M0_FIFO_OFFICIAL,0.0,easy,True
GO_S_PEAK_02,613.55,1038.2499999999995,559.4,985.4499999999996,1245.0,13611.25,0.18572829799995816,1,heuristic_feasible,M1_WEIGHTED_SLACK,S,peak,2,75.625,111.29999999999998,677.0,0.0,7.1130578512396685,8.32839173405211,0.8389955686853766,13611.25,S__peak,test,R02_R03,487,487,0.6243589743589744,9,478,478,0.018480492813141684,16.35,36,40,780,0.8661869831332053,0.8989388368983957,0.8022598870056498,0.8457869881314858,0.8617258829051117,0.8617258829051117,M0_FIFO_OFFICIAL,0.0,easy,False
GO_S_PEAK_02,553.55,1025.55,499.575,964.55,1218.0,12489.5,0.16261095400022896,1,heuristic_feasible,M1_SPT,S,peak,2,75.625,111.29999999999998,677.0,0.0,6.319669421487602,8.214285714285715,0.7991137370753324,12489.5,S__peak,test,R02_R03,442,442,0.5666666666666667,2,440,440,0.004524886877828055,15.3,31,40,780,0.854319487922254,0.7986714572192513,0.7641242937853108,0.7760827689057355,0.8151426932734841,0.8151426932734841,M0_FIFO_OFFICIAL,0.0,easy,False
GO_S_PEAK_02,267.425,462.59999999999997,213.95,408.15,943.0,1580.5,0.17284738600028504,1,heuristic_feasible,M1_EDD,S,peak,2,75.625,111.29999999999998,677.0,0.0,2.536198347107438,3.15633423180593,0.3929098966026588,1580.5,S__peak,test,R02_R03,53,53,0.06794871794871794,0,53,53,0.0,2.2,6,40,780,0.32827173760687756,0.3205213903743316,0.3757062146892655,0.09821040203815323,0.2989401220257906,0.2989401220257906,M0_FIFO_OFFICIAL,0.0,easy,False
GO_S_PEAK_02,612.15,1046.9999999999998,558.225,997.8499999999998,1271.0,13575.5,0.14013815500038618,1,heuristic_feasible,M1_CR,S,peak,2,75.625,111.29999999999998,677.0,0.0,7.094545454545454,8.407008086253368,0.8774002954209749,13575.5,S__peak,test,R02_R03,421,421,0.5397435897435897,12,409,409,0.028503562945368172,15.1,34,40,780,0.8743634069990188,0.8965992647058824,0.8389830508474576,0.8435655253837072,0.8699956357607037,0.8699956357607037,M0_FIFO_OFFICIAL,0.0,easy,False
GO_S_PEAK_02,674.025,1181.4499999999998,620.75,1125.3999999999999,1385.0,16093.0,0.2801771969998299,1,heuristic_feasible,M1_WSPT,S,peak,2,75.625,111.29999999999998,677.0,0.0,7.912727272727272,9.615004492362983,1.0457902511078287,16093.0,S__peak,test,R02_R03,470,470,0.6025641025641025,27,443,443,0.0574468085106383,15.2,33,40,780,1.0,1.0,1.0,1.0,1.0,1.0,M0_FIFO_OFFICIAL,0.0,easy,False
GO_S_PEAK_02,353.7,655.15,299.85,598.75,918.0,4385.5,0.13780795299953752,1,heuristic_feasible,M1_MWKR,S,peak,2,75.625,111.29999999999998,677.0,0.0,3.6770247933884295,4.8863432165318965,0.3559822747415066,4385.5,S__peak,test,R02_R03,293,293,0.37564102564102564,0,293,293,0.0,10.15,24,40,780,0.5081997850768585,0.46469752673796794,0.3403954802259887,0.27250978686385385,0.43680007503255464,0.43680007503255464,M0_FIFO_OFFICIAL,0.0,easy,False
GO_S_PEAK_02,654.575,1174.55,600.225,1119.25,1307.0,15120.5,0.1481907190000129,1,heuristic_feasible,M1_ATC_CANONICAL,S,peak,2,75.625,111.29999999999998,677.0,0.0,7.655537190082645,9.553009883198564,0.930576070901034,15120.5,S__peak,test,R02_R03,487,487,0.6243589743589744,31,456,456,0.06365503080082136,16.25,35,40,780,0.9935523057515303,0.9674966577540108,0.8898305084745762,0.9395699993786119,0.9633827782046696,0.9633827782046696,M0_FIFO_OFFICIAL,0.0,easy,False
GO_S_PEAK_02,241.175,335.59999999999997,9.4,25.0,807.0,56.5,5.015831476999665,54,heuristic_online_replay,M2_PERIODIC_15,S,peak,2,75.625,111.29999999999998,677.0,0.0,2.1890909090909094,2.015274034141959,0.19202363367799113,56.5,S__peak,test,R02_R03,73,73,0.09358974358974359,0,73,73,0.0,2.95,6,40,780,0.2095967854973602,0.2766544117647059,0.18361581920903955,0.003510843223761884,0.19155115577990878,0.19155115577990878,M0_FIFO_OFFICIAL,0.0,easy,False
GO_S_PEAK_02,289.575,423.59999999999997,14.525,47.0,890.0,1544.75,1.6968723219997628,30,heuristic_online_replay,M2_PERIODIC_30,S,peak,2,75.625,111.29999999999998,677.0,0.0,2.829090909090909,2.8059299191374665,0.31462333825701627,1544.75,S__peak,test,R02_R03,67,67,0.0858974358974359,0,67,67,0.0,2.85,6,40,780,0.2918282483763958,0.35753676470588236,0.3008474576271186,0.09598893929037469,0.2802323624834727,0.2802323624834727,M0_FIFO_OFFICIAL,0.0,easy,False
GO_S_PEAK_02,113.725,236.0,12.6,54.249999999999986,677.0,0.0,2.654541459999564,56,heuristic_online_replay,M3_EVENT_REACTIVE,S,peak,2,75.625,111.29999999999998,677.0,0.0,0.503801652892562,1.120395327942498,0.0,0.0,S__peak,test,R02_R03,26,26,0.03333333333333333,0,26,26,0.0,1.25,6,40,780,0.11652572069336077,0.06366978609625668,0.0,0.0,0.06835402083607652,0.06835402083607652,M0_FIFO_OFFICIAL,0.0,easy,True
GO_S_PEAK_02,85.525,152.2,15.225,61.54999999999997,677.0,0.0,2.511153426999954,56,heuristic_online_replay,M5_ATC_EVENT,S,peak,2,75.625,111.29999999999998,677.0,0.0,0.13090909090909097,0.367475292003594,0.0,0.0,S__peak,test,R02_R03,13,13,0.016666666666666666,0,13,13,0.0,0.6,4,40,780,0.038218941269915443,0.016544117647058834,0.0,0.0,0.02133455298322666,0.02133455298322666,M0_FIFO_OFFICIAL,0.0,easy,True
GO_S_PEAK_02,115.425,261.0999999999999,12.95,53.34999999999998,677.0,0.0,2.596808415000851,56,heuristic_online_replay,M6_FIFO_PRIORITY_EVENT,S,peak,2,75.625,111.29999999999998,677.0,0.0,0.5262809917355371,1.345911949685534,0.0,0.0,S__peak,test,R02_R03,28,28,0.035897435897435895,0,28,28,0.0,1.35,6,40,780,0.139980376582722,0.06651069518716578,0.0,0.0,0.07961884325901634,0.07961884325901634,M0_FIFO_OFFICIAL,0.0,easy,True
GO_S_PEAK_02,193.9,366.59999999999997,140.0,312.34999999999997,787.0,252.25,5.243132044000959,36,m5_seeded_local_search,M7_REPAIR_LS,S,peak,2,75.625,111.29999999999998,677.0,0.0,1.5639669421487603,2.2938005390835583,0.16248153618906944,252.25,S__peak,test,R02_R03,29,29,0.03717948717948718,0,29,29,0.0,1.25,5,40,780,0.2385646871933841,0.19765207219251338,0.1553672316384181,0.01567451687068912,0.18242338956151727,0.18242338956151727,M0_FIFO_OFFICIAL,0.0,easy,False
GO_S_PEAK_03,66.05,98.19999999999999,13.175,45.0,605.0,0.0,0.0,1,official_release,M0_FIFO_OFFICIAL,S,peak,3,66.05,98.19999999999999,605.0,0.0,0.0,0.0,0.0,0.0,S__peak,test,R02_R03,0,0,0.0,0,0,0,0.0,0.0,0,40,780,0.0,0.0,0.0,0.0,0.0,0.0,M0_FIFO_OFFICIAL,0.0,easy,True
GO_S_PEAK_03,380.575,883.4499999999999,327.625,826.65,1068.0,6514.5,0.24596238499998435,1,heuristic_feasible,M1_WEIGHTED_SLACK,S,peak,3,66.05,98.19999999999999,605.0,0.0,4.761922785768357,7.99643584521385,0.7652892561983471,6514.5,S__peak,test,R02_R03,401,401,0.514102564102564,0,401,401,0.0,14.75,32,40,780,0.8263614838200474,0.7729786188252642,0.8686679174484052,0.5625040474905558,0.7797831171661815,0.7797831171661815,M0_FIFO_OFFICIAL,0.0,easy,False
GO_S_PEAK_03,472.95,1048.45,420.925,982.75,1138.0,11581.25,0.15428568399966025,1,heuristic_feasible,M1_SPT,S,peak,3,66.05,98.19999999999999,605.0,0.0,6.1604844814534445,9.676680244399186,0.8809917355371901,11581.25,S__peak,test,R02_R03,447,447,0.573076923076923,0,447,447,0.0,14.75,37,40,780,1.0,1.0,1.0,1.0,1.0,1.0,M0_FIFO_OFFICIAL,0.0,easy,False
GO_S_PEAK_03,228.75,358.25,175.45,312.0,857.0,487.25,0.1862253969993617,1,heuristic_feasible,M1_EDD,S,peak,3,66.05,98.19999999999999,605.0,0.0,2.4632853898561695,2.64816700610998,0.41652892561983473,487.25,S__peak,test,R02_R03,37,37,0.047435897435897434,0,37,37,0.0,1.65,5,40,780,0.2736648250460405,0.39985254362251166,0.4727954971857411,0.04207231516459795,0.300342479028897,0.300342479028897,M0_FIFO_OFFICIAL,0.0,easy,False
GO_S_PEAK_03,425.95,913.15,373.475,868.25,1062.0,7589.25,0.1681897199996456,1,heuristic_feasible,M1_CR,S,peak,3,66.05,98.19999999999999,605.0,0.0,5.44890234670704,8.298879837067211,0.7553719008264462,7589.25,S__peak,test,R02_R03,362,362,0.4641025641025641,0,362,362,0.0,12.5,32,40,780,0.8576164167324388,0.884492504300811,0.8574108818011257,0.6553049109552078,0.8339578825182502,0.8339578825182502,M0_FIFO_OFFICIAL,0.0,easy,False
GO_S_PEAK_03,382.575,753.1999999999998,329.6,699.8999999999999,966.0,5896.5,0.2591782179997608,1,heuristic_feasible,M1_WSPT,S,peak,3,66.05,98.19999999999999,605.0,0.0,4.79220287660863,6.6700610997963325,0.596694214876033,5896.5,S__peak,test,R02_R03,333,333,0.4269230769230769,0,333,333,0.0,12.4,29,40,780,0.689292291502236,0.7778938314082084,0.6772983114446529,0.5091419320021586,0.6826210255450801,0.6826210255450801,M0_FIFO_OFFICIAL,0.0,easy,False
GO_S_PEAK_03,403.8,826.4999999999999,350.6,779.15,1043.0,8399.75,0.1391984070005492,1,heuristic_feasible,M1_MWKR,S,peak,3,66.05,98.19999999999999,605.0,0.0,5.113550340651022,7.416496945010183,0.7239669421487603,8399.75,S__peak,test,R02_R03,278,278,0.3564102564102564,1,277,277,0.0035971223021582736,9.45,30,40,780,0.7664298868718757,0.8300565249447039,0.8217636022514071,0.7252887209929844,0.7844654288151788,0.7844654288151788,M0_FIFO_OFFICIAL,0.0,easy,False
GO_S_PEAK_03,382.075,891.5,329.05,835.3,1036.0,6492.25,0.15831535600045754,1,heuristic_feasible,M1_ATC_CANONICAL,S,peak,3,66.05,98.19999999999999,605.0,0.0,4.784632853898562,8.078411405295316,0.7123966942148761,6492.25,S__peak,test,R02_R03,394,394,0.5051282051282051,0,394,394,0.0,14.45,29,40,780,0.8348329387003419,0.7766650282624723,0.8086303939962477,0.5605828386400432,0.7752230643762157,0.7752230643762157,M0_FIFO_OFFICIAL,0.0,easy,False
GO_S_PEAK_03,246.025,335.25,5.65,15.34999999999998,863.0,430.25,6.566076735000024,58,heuristic_online_replay,M2_PERIODIC_15,S,peak,3,66.05,98.19999999999999,605.0,0.0,2.724829674489024,2.4139511201629333,0.42644628099173554,430.25,S__peak,test,R02_R03,47,47,0.06025641025641026,0,47,47,0.0,2.05,5,40,780,0.24946066824519864,0.4423076923076924,0.48405253283302063,0.03715056664867782,0.30101468870951725,0.30101468870951725,M0_FIFO_OFFICIAL,0.0,easy,False
GO_S_PEAK_03,292.6,381.1,12.025,34.05,920.0,1680.25,1.8507529680000516,31,heuristic_online_replay,M2_PERIODIC_30,S,peak,3,66.05,98.19999999999999,605.0,0.0,3.42997728993187,2.880855397148677,0.5206611570247934,1680.25,S__peak,test,R02_R03,47,47,0.06025641025641026,0,47,47,0.0,2.05,5,40,780,0.2977111286503552,0.5567707053330058,0.5909943714821764,0.14508364813815433,0.38357438716896086,0.38357438716896086,M0_FIFO_OFFICIAL,0.0,easy,False
GO_S_PEAK_03,89.55,121.19999999999993,11.8,37.149999999999935,608.0,0.0,2.936742333999973,58,heuristic_online_replay,M3_EVENT_REACTIVE,S,peak,3,66.05,98.19999999999999,605.0,0.0,0.35579106737320215,0.2342158859470463,0.0049586776859504135,0.0,S__peak,test,R02_R03,15,15,0.019230769230769232,0,15,15,0.0,0.65,5,40,780,0.024204156800841824,0.0577537478495945,0.005628517823639775,0.0,0.026174585196323413,0.026174585196323413,M0_FIFO_OFFICIAL,0.0,easy,True
GO_S_PEAK_03,103.975,171.64999999999998,11.375,31.449999999999974,625.0,0.0,3.0918934809997154,58,heuristic_online_replay,M5_ATC_EVENT,S,peak,3,66.05,98.19999999999999,605.0,0.0,0.5741862225586677,0.7479633401221996,0.03305785123966942,0.0,S__peak,test,R02_R03,34,34,0.04358974358974359,0,34,34,0.0,1.4,6,40,780,0.07729544856616678,0.09320471860407963,0.0375234521575985,0.0,0.06371264932943474,0.06371264932943474,M0_FIFO_OFFICIAL,0.0,easy,True
GO_S_PEAK_03,90.0,121.19999999999993,12.25,37.149999999999935,608.0,0.0,2.9616534000015236,58,heuristic_online_replay,M6_FIFO_PRIORITY_EVENT,S,peak,3,66.05,98.19999999999999,605.0,0.0,0.3626040878122635,0.2342158859470463,0.0049586776859504135,0.0,S__peak,test,R02_R03,15,15,0.019230769230769232,0,15,15,0.0,0.65,5,40,780,0.024204156800841824,0.058859670680756954,0.005628517823639775,0.0,0.026451065904114026,0.026451065904114026,M0_FIFO_OFFICIAL,0.0,easy,True
GO_S_PEAK_03,166.925,269.29999999999995,113.5,217.59999999999997,779.0,0.0,5.737393845001861,32,m5_seeded_local_search,M7_REPAIR_LS,S,peak,3,66.05,98.19999999999999,605.0,0.0,1.5272520817562456,1.7423625254582484,0.28760330578512394,0.0,S__peak,test,R02_R03,33,33,0.04230769230769231,0,33,33,0.0,1.3,6,40,780,0.1800578795053933,0.24791103465224876,0.32645403377110693,0.0,0.1919719095061552,0.1919719095061552,M0_FIFO_OFFICIAL,0.0,easy,False
GO_XS_BALANCED_01,76.83333333333333,101.44999999999999,20.88888888888889,47.3,639.0,0.0,0.0,1,official_release,M0_FIFO_OFFICIAL,XS,balanced,1,76.83333333333333,101.44999999999999,639.0,0.0,0.0,0.0,0.0,0.0,XS__balanced,calibration,R01,0,0,0.0,0,0,0,0.0,0.0,0,18,153,0.0,0.0,0.0,0.0,0.0,0.0,M0_FIFO_OFFICIAL,0.0,easy,True
GO_XS_BALANCED_01,340.44444444444446,720.9,284.1666666666667,668.3499999999999,877.0,2009.0,0.11322965799990925,1,heuristic_feasible,M1_WEIGHTED_SLACK,XS,balanced,1,76.83333333333333,101.44999999999999,639.0,0.0,3.4309472161966745,6.105963528831938,0.37245696400625977,2009.0,XS__balanced,calibration,R01,104,104,0.6797385620915033,0,104,104,0.0,7.555555555555555,17,18,153,1.0,0.9783505154639176,1.0,1.0,0.9945876288659794,0.9945876288659794,M0_FIFO_OFFICIAL,0.0,easy,False
GO_XS_BALANCED_01,288.77777777777777,502.6999999999998,232.22222222222223,442.49999999999983,839.0,1173.5,0.08640710400050011,1,heuristic_feasible,M1_SPT,XS,balanced,1,76.83333333333333,101.44999999999999,639.0,0.0,2.7584960231381057,3.9551503203548535,0.3129890453834116,1173.5,XS__balanced,calibration,R01,66,66,0.43137254901960786,0,66,66,0.0,5.888888888888889,15,18,153,0.6477520380983127,0.7865979381443299,0.8403361344537815,0.5841214534594326,0.7018065398673053,0.7018065398673053,M0_FIFO_OFFICIAL,0.0,easy,False
GO_XS_BALANCED_01,107.5,168.54999999999998,51.05555555555556,110.44999999999996,646.0,0.0,0.0894321290006701,1,heuristic_feasible,M1_EDD,XS,balanced,1,76.83333333333333,101.44999999999999,639.0,0.0,0.3991323210412148,0.6614095613602761,0.010954616588419406,0.0,XS__balanced,calibration,R01,9,9,0.058823529411764705,0,9,9,0.0,0.8888888888888888,3,18,153,0.10832189845830978,0.11381443298969074,0.029411764705882353,0.0,0.08161022725954444,0.08161022725954444,M0_FIFO_OFFICIAL,0.0,easy,True
GO_XS_BALANCED_01,346.27777777777777,689.7499999999999,290.1111111111111,637.1999999999999,874.0,1994.0,0.11413105799965706,1,heuristic_feasible,M1_CR,XS,balanced,1,76.83333333333333,101.44999999999999,639.0,0.0,3.5068691250903834,5.798915722030557,0.3677621283255086,1994.0,XS__balanced,calibration,R01,100,100,0.6535947712418301,0,100,100,0.0,7.222222222222222,17,18,153,0.949713455484704,1.0,0.9873949579831933,0.9925335988053758,0.9743603384864021,0.9743603384864021,M0_FIFO_OFFICIAL,0.0,easy,False
GO_XS_BALANCED_01,262.94444444444446,478.2999999999998,206.72222222222223,418.0999999999998,818.0,846.0,0.09633141199992679,1,heuristic_feasible,M1_WSPT,XS,balanced,1,76.83333333333333,101.44999999999999,639.0,0.0,2.4222704266088217,3.71463775258748,0.28012519561815336,846.0,XS__balanced,calibration,R01,70,70,0.45751633986928103,0,70,70,0.0,6.111111111111111,15,18,153,0.6083622568407454,0.6907216494845362,0.7521008403361344,0.4211050273768044,0.6224243081064103,0.6224243081064103,M0_FIFO_OFFICIAL,0.0,easy,False
GO_XS_BALANCED_01,307.5,622.65,251.05555555555554,570.1,857.0,1562.0,0.06341966399941157,1,heuristic_feasible,M1_MWKR,XS,balanced,1,76.83333333333333,101.44999999999999,639.0,0.0,3.0021691973969635,5.137506160670282,0.3411580594679186,1562.0,XS__balanced,calibration,R01,78,78,0.5098039215686274,0,78,78,0.0,6.555555555555555,15,18,153,0.8413915570263943,0.8560824742268042,0.9159663865546218,0.7775012444001991,0.8466669638618016,0.8466669638618016,M0_FIFO_OFFICIAL,0.0,easy,False
GO_XS_BALANCED_01,323.8888888888889,650.6999999999999,267.3888888888889,598.15,877.0,1903.0,0.07087384700025723,1,heuristic_feasible,M1_ATC_CANONICAL,XS,balanced,1,76.83333333333333,101.44999999999999,639.0,0.0,3.2154736080983377,5.4139970428782656,0.37245696400625977,1903.0,XS__balanced,calibration,R01,104,104,0.6797385620915033,0,104,104,0.0,8.0,14,18,153,0.8866736621196222,0.9169072164948455,1.0,0.947237431557989,0.9203155668112397,0.9203155668112397,M0_FIFO_OFFICIAL,0.0,easy,False
GO_XS_BALANCED_01,186.11111111111111,239.54999999999998,9.0,18.299999999999997,749.0,0.0,3.3323017279999476,50,heuristic_online_replay,M2_PERIODIC_15,XS,balanced,1,76.83333333333333,101.44999999999999,639.0,0.0,1.4222704266088215,1.3612617052735339,0.17214397496087636,0.0,XS__balanced,calibration,R01,12,12,0.0784313725490196,0,12,12,0.0,1.3333333333333333,2,18,153,0.22293970457664053,0.4055670103092784,0.46218487394957986,0.0,0.2710423507292448,0.2710423507292448,M0_FIFO_OFFICIAL,0.0,easy,False
GO_XS_BALANCED_01,186.5,225.75,20.77777777777778,46.19999999999999,750.0,0.0,0.7527015000005122,25,heuristic_online_replay,M2_PERIODIC_30,XS,balanced,1,76.83333333333333,101.44999999999999,639.0,0.0,1.4273318872017355,1.2252341054706755,0.17370892018779344,0.0,XS__balanced,calibration,R01,12,12,0.0784313725490196,0,12,12,0.0,1.3333333333333333,2,18,153,0.20066187747195094,0.4070103092783505,0.46638655462184875,0.0,0.26200840537524284,0.26200840537524284,M0_FIFO_OFFICIAL,0.0,easy,False
GO_XS_BALANCED_01,99.0,150.89999999999998,20.11111111111111,56.599999999999994,650.0,0.0,0.954767721999815,30,heuristic_online_replay,M3_EVENT_REACTIVE,XS,balanced,1,76.83333333333333,101.44999999999999,639.0,0.0,0.28850325379609554,0.48743223262690977,0.017214397496087636,0.0,XS__balanced,calibration,R01,1,1,0.006535947712418301,0,1,1,0.0,0.1111111111111111,1,18,153,0.0798288804584712,0.08226804123711341,0.046218487394957986,0.0,0.0634227796248341,0.0634227796248341,M0_FIFO_OFFICIAL,0.0,easy,True
GO_XS_BALANCED_01,94.5,146.14999999999998,20.444444444444443,53.94999999999998,655.0,0.0,0.9712945169994782,30,heuristic_online_replay,M5_ATC_EVENT,XS,balanced,1,76.83333333333333,101.44999999999999,639.0,0.0,0.22993492407809119,0.44061113849186784,0.025039123630672927,0.0,XS__balanced,calibration,R01,1,1,0.006535947712418301,0,1,1,0.0,0.1111111111111111,1,18,153,0.07216078779562513,0.06556701030927836,0.06722689075630252,0.0,0.058948140698796274,0.058948140698796274,M0_FIFO_OFFICIAL,0.0,easy,True
GO_XS_BALANCED_01,99.0,150.89999999999998,20.11111111111111,56.599999999999994,650.0,0.0,0.9323408210002526,30,heuristic_online_replay,M6_FIFO_PRIORITY_EVENT,XS,balanced,1,76.83333333333333,101.44999999999999,639.0,0.0,0.28850325379609554,0.48743223262690977,0.017214397496087636,0.0,XS__balanced,calibration,R01,1,1,0.006535947712418301,0,1,1,0.0,0.1111111111111111,1,18,153,0.0798288804584712,0.08226804123711341,0.046218487394957986,0.0,0.0634227796248341,0.0634227796248341,M0_FIFO_OFFICIAL,0.0,easy,True
GO_XS_BALANCED_01,81.77777777777777,115.29999999999997,25.444444444444443,63.94999999999998,639.0,0.0,3.5995786910007155,16,m5_seeded_local_search,M7_REPAIR_LS,XS,balanced,1,76.83333333333333,101.44999999999999,639.0,0.0,0.06435285610990599,0.1365204534253325,0.0,0.0,XS__balanced,calibration,R01,3,3,0.0196078431372549,0,3,3,0.0,0.2222222222222222,2,18,153,0.022358543869561674,0.01835051546391752,0.0,0.0,0.014648973607282133,0.014648973607282133,M0_FIFO_OFFICIAL,0.0,easy,True
GO_XS_BALANCED_02,80.16666666666667,113.64999999999998,24.0,50.04999999999996,617.0,0.0,0.0,1,official_release,M0_FIFO_OFFICIAL,XS,balanced,2,80.16666666666667,113.64999999999998,617.0,0.0,0.0,0.0,0.0,0.0,XS__balanced,test,R02_R03,0,0,0.0,0,0,0,0.0,0.0,0,18,153,0.0,0.0,0.0,0.0,0.0,0.0,M0_FIFO_OFFICIAL,0.0,easy,True
GO_XS_BALANCED_02,207.77777777777777,454.44999999999976,151.0,394.7999999999997,759.0,513.0,0.10311783599991031,1,heuristic_feasible,M1_WEIGHTED_SLACK,XS,balanced,2,80.16666666666667,113.64999999999998,617.0,0.0,1.5918225918225917,2.998680158380993,0.23014586709886548,513.0,XS__balanced,test,R02_R03,54,54,0.35294117647058826,0,54,54,0.0,4.333333333333333,16,18,153,0.7740177151941856,0.5555018137847642,0.5991561181434599,0.2983425414364641,0.6218082242205633,0.6218082242205633,M0_FIFO_OFFICIAL,0.0,easy,False
GO_XS_BALANCED_02,309.8888888888889,517.15,253.33333333333334,451.45,844.0,1719.5,0.07670031599991489,1,heuristic_feasible,M1_SPT,XS,balanced,2,80.16666666666667,113.64999999999998,617.0,0.0,2.8655578655578653,3.5503739551253855,0.3679092382495948,1719.5,XS__balanced,test,R02_R03,81,81,0.5294117647058824,0,81,81,0.0,7.111111111111111,11,18,153,0.9164206223029756,1.0,0.9578059071729957,1.0,0.9560601661122884,0.9560601661122884,M0_FIFO_OFFICIAL,0.0,easy,False
GO_XS_BALANCED_02,98.61111111111111,137.54999999999998,42.166666666666664,80.44999999999996,640.0,0.0,0.0805663689998255,1,heuristic_feasible,M1_EDD,XS,balanced,2,80.16666666666667,113.64999999999998,617.0,0.0,0.23007623007623004,0.2102947646282447,0.03727714748784441,0.0,XS__balanced,test,R02_R03,3,3,0.0196078431372549,0,3,3,0.0,0.3333333333333333,1,18,153,0.05428117192823079,0.08029020556227327,0.0970464135021097,0.0,0.05905604078358863,0.05905604078358863,M0_FIFO_OFFICIAL,0.0,easy,True
GO_XS_BALANCED_02,187.38888888888889,450.9499999999998,131.05555555555554,391.2999999999998,722.0,412.0,0.11623033599971677,1,heuristic_feasible,M1_CR,XS,balanced,2,80.16666666666667,113.64999999999998,617.0,0.0,1.3374913374913373,2.9678838539375265,0.17017828200972449,412.0,XS__balanced,test,R02_R03,59,59,0.38562091503267976,0,59,59,0.0,5.0,16,18,153,0.7660685895980013,0.46674727932285365,0.4430379746835443,0.23960453620238442,0.5638140617827033,0.5638140617827033,M0_FIFO_OFFICIAL,0.0,easy,False
GO_XS_BALANCED_02,269.6666666666667,490.5,213.27777777777777,429.4,808.0,1111.0,0.0871489119999751,1,heuristic_feasible,M1_WSPT,XS,balanced,2,80.16666666666667,113.64999999999998,617.0,0.0,2.363825363825364,3.315882094148703,0.3095623987034036,1111.0,XS__balanced,test,R02_R03,72,72,0.47058823529411764,0,72,72,0.0,6.444444444444445,12,18,153,0.8558937088348857,0.8249093107617895,0.8059071729957806,0.6461180575748764,0.8091832812517445,0.8091832812517445,M0_FIFO_OFFICIAL,0.0,easy,False
GO_XS_BALANCED_02,272.8333333333333,487.39999999999986,216.38888888888889,431.9999999999999,804.0,912.0,0.06603386200004024,1,heuristic_feasible,M1_MWKR,XS,balanced,2,80.16666666666667,113.64999999999998,617.0,0.0,2.403326403326403,3.288605367355917,0.30307941653160453,912.0,XS__balanced,test,R02_R03,55,55,0.35947712418300654,0,55,55,0.0,4.555555555555555,13,18,153,0.8488530547354077,0.8386940749697701,0.7890295358649789,0.5303867403314917,0.7895698348028465,0.7895698348028465,M0_FIFO_OFFICIAL,0.0,easy,False
GO_XS_BALANCED_02,244.55555555555554,553.9499999999998,187.72222222222223,498.54999999999984,854.0,991.0,0.06511688299997331,1,heuristic_feasible,M1_ATC_CANONICAL,XS,balanced,2,80.16666666666667,113.64999999999998,617.0,0.0,2.0505890505890503,3.874175098988121,0.3841166936790924,991.0,XS__balanced,test,R02_R03,66,66,0.43137254901960786,0,66,66,0.0,5.555555555555555,15,18,153,1.0,0.7155985489721884,1.0,0.5763303285838907,0.8653491865306308,0.8653491865306308,M0_FIFO_OFFICIAL,0.0,easy,False
GO_XS_BALANCED_02,130.22222222222223,171.0,11.38888888888889,23.299999999999997,654.0,0.0,1.99227070500001,44,heuristic_online_replay,M2_PERIODIC_15,XS,balanced,2,80.16666666666667,113.64999999999998,617.0,0.0,0.6243936243936243,0.5046194456665203,0.059967585089141004,0.0,XS__balanced,test,R02_R03,8,8,0.05228758169934641,0,8,8,0.0,0.8888888888888888,2,18,153,0.13025210084033623,0.21789600967351874,0.15611814345991562,0.0,0.13650516931551832,0.13650516931551832,M0_FIFO_OFFICIAL,0.0,easy,True
GO_XS_BALANCED_02,143.72222222222223,187.2,23.555555555555557,58.499999999999986,679.0,0.0,0.6551470539998263,23,heuristic_online_replay,M2_PERIODIC_30,XS,balanced,2,80.16666666666667,113.64999999999998,617.0,0.0,0.7927927927927928,0.6471623405191379,0.10048622366288493,0.0,XS__balanced,test,R02_R03,8,8,0.05228758169934641,0,8,8,0.0,0.8888888888888888,2,18,153,0.16704519645696125,0.2766626360338573,0.2616033755274262,0.0,0.18357650374321083,0.18357650374321083,M0_FIFO_OFFICIAL,0.0,easy,False
GO_XS_BALANCED_02,104.94444444444444,154.19999999999996,17.444444444444443,40.94999999999998,620.0,0.0,0.9859156739994432,31,heuristic_online_replay,M3_EVENT_REACTIVE,XS,balanced,2,80.16666666666667,113.64999999999998,617.0,0.0,0.30907830907830897,0.3567971843378794,0.004862236628849271,0.0,XS__balanced,test,R02_R03,2,2,0.013071895424836602,0,2,2,0.0,0.2222222222222222,1,18,153,0.09209629797865092,0.10785973397823455,0.012658227848101266,0.0,0.07030700176216674,0.07030700176216674,M0_FIFO_OFFICIAL,0.0,easy,True
GO_XS_BALANCED_02,87.94444444444444,130.44999999999996,12.777777777777779,32.09999999999998,620.0,0.0,0.9510515110005144,31,heuristic_online_replay,M5_ATC_EVENT,XS,balanced,2,80.16666666666667,113.64999999999998,617.0,0.0,0.09702009702009694,0.14782226132864043,0.004862236628849271,0.0,XS__balanced,test,R02_R03,1,1,0.006535947712418301,0,1,1,0.0,0.1111111111111111,1,18,153,0.03815580286168519,0.033857315598548945,0.012658227848101266,0.0,0.027533174364610762,0.027533174364610762,M0_FIFO_OFFICIAL,0.0,easy,True
GO_XS_BALANCED_02,104.94444444444444,154.19999999999996,17.444444444444443,40.94999999999998,620.0,0.0,0.9554874410005141,31,heuristic_online_replay,M6_FIFO_PRIORITY_EVENT,XS,balanced,2,80.16666666666667,113.64999999999998,617.0,0.0,0.30907830907830897,0.3567971843378794,0.004862236628849271,0.0,XS__balanced,test,R02_R03,2,2,0.013071895424836602,0,2,2,0.0,0.2222222222222222,1,18,153,0.09209629797865092,0.10785973397823455,0.012658227848101266,0.0,0.07030700176216674,0.07030700176216674,M0_FIFO_OFFICIAL,0.0,easy,True
GO_XS_BALANCED_02,81.61111111111111,113.64999999999998,25.055555555555557,51.44999999999997,617.0,0.0,3.5909551930017187,18,m5_seeded_local_search,M7_REPAIR_LS,XS,balanced,2,80.16666666666667,113.64999999999998,617.0,0.0,0.018018018018017997,0.0,0.0,0.0,XS__balanced,test,R02_R03,1,1,0.006535947712418301,0,1,1,0.0,0.1111111111111111,1,18,153,0.0,0.006287787182587659,0.0,0.0,0.0015719467956469147,0.0015719467956469147,M0_FIFO_OFFICIAL,0.0,easy,True
GO_XS_BALANCED_03,63.72222222222222,86.15,9.722222222222221,34.3,679.0,0.0,0.0,1,official_release,M0_FIFO_OFFICIAL,XS,balanced,3,63.72222222222222,86.15,679.0,0.0,0.0,0.0,0.0,0.0,XS__balanced,test,R02_R03,0,0,0.0,0,0,0,0.0,0.0,0,18,153,0.0,0.0,0.0,0.0,0.0,0.0,M0_FIFO_OFFICIAL,0.0,easy,True
GO_XS_BALANCED_03,386.05555555555554,636.2,331.8888888888889,581.65,929.0,2590.5,0.1159103279996998,1,heuristic_feasible,M1_WEIGHTED_SLACK,XS,balanced,3,63.72222222222222,86.15,679.0,0.0,5.058413251961639,6.384793964016251,0.36818851251840945,2590.5,XS__balanced,test,R02_R03,64,64,0.41830065359477125,0,64,64,0.0,5.555555555555555,11,18,153,0.8520641313608552,0.9298076923076922,0.8833922261484098,0.7486453290947186,0.8606864154757773,0.8606864154757773,M0_FIFO_OFFICIAL,0.0,easy,False
GO_XS_BALANCED_03,392.6111111111111,731.6999999999999,338.1111111111111,672.25,962.0,3460.25,0.07335763199989742,1,heuristic_feasible,M1_SPT,XS,balanced,3,63.72222222222222,86.15,679.0,0.0,5.161290322580645,7.493325594892628,0.4167893961708395,3460.25,XS__balanced,test,R02_R03,87,87,0.5686274509803921,0,87,87,0.0,7.111111111111111,13,18,153,1.0,0.9487179487179486,1.0,1.0,0.9871794871794872,0.9871794871794872,M0_FIFO_OFFICIAL,0.0,easy,False
GO_XS_BALANCED_03,98.22222222222223,176.15,44.05555555555556,122.6,698.0,0.0,0.08572857399940403,1,heuristic_feasible,M1_EDD,XS,balanced,3,63.72222222222222,86.15,679.0,0.0,0.5414123801220576,1.044689495066744,0.027982326951399118,0.0,XS__balanced,test,R02_R03,7,7,0.0457516339869281,0,7,7,0.0,0.7777777777777778,1,18,153,0.13941600185888003,0.09951923076923079,0.06713780918727916,0.0,0.09768767990689559,0.09768767990689559,M0_FIFO_OFFICIAL,0.0,easy,True
GO_XS_BALANCED_03,380.1111111111111,594.5499999999998,325.94444444444446,544.2499999999999,906.0,2558.5,0.11342599100044026,1,heuristic_feasible,M1_CR,XS,balanced,3,63.72222222222222,86.15,679.0,0.0,4.965126416739319,5.901334881021472,0.33431516936671574,2558.5,XS__balanced,test,R02_R03,62,62,0.40522875816993464,0,62,62,0.0,5.0,13,18,153,0.7875455038339398,0.9126602564102563,0.8021201413427562,0.7393974423813309,0.8137881783864501,0.8137881783864501,M0_FIFO_OFFICIAL,0.0,easy,False
GO_XS_BALANCED_03,305.22222222222223,648.05,250.83333333333334,588.6,869.0,1787.5,0.10927751800045371,1,heuristic_feasible,M1_WSPT,XS,balanced,3,63.72222222222222,86.15,679.0,0.0,3.789886660854403,6.522344747533372,0.27982326951399117,1787.5,XS__balanced,test,R02_R03,78,78,0.5098039215686274,0,78,78,0.0,6.333333333333333,14,18,153,0.8704205716056076,0.6966346153846154,0.6713780918727915,0.5165811718806445,0.7440418006316926,0.7440418006316926,M0_FIFO_OFFICIAL,0.0,easy,False
GO_XS_BALANCED_03,259.27777777777777,510.54999999999995,204.88888888888889,460.25,825.0,1143.75,0.06837281200023426,1,heuristic_feasible,M1_MWKR,XS,balanced,3,63.72222222222222,86.15,679.0,0.0,3.068875326939843,4.9262913522925125,0.21502209131075112,1143.75,XS__balanced,test,R02_R03,45,45,0.29411764705882354,0,45,45,0.0,4.111111111111111,10,18,153,0.6574239020989854,0.564102564102564,0.5159010600706714,0.33053970088866413,0.5638325111140848,0.5638325111140848,M0_FIFO_OFFICIAL,0.0,easy,False
GO_XS_BALANCED_03,410.3888888888889,636.15,356.1111111111111,575.9,930.0,2975.5,0.07523365599990939,1,heuristic_feasible,M1_ATC_CANONICAL,XS,balanced,3,63.72222222222222,86.15,679.0,0.0,5.440278988666086,6.3842135809634355,0.3696612665684831,2975.5,XS__balanced,test,R02_R03,68,68,0.4444444444444444,0,68,68,0.0,5.555555555555555,11,18,153,0.8519866780264891,1.0,0.8869257950530035,0.8599089661151651,0.8954192192871454,0.8954192192871454,M0_FIFO_OFFICIAL,0.0,easy,False
GO_XS_BALANCED_03,131.55555555555554,193.04999999999998,12.722222222222221,26.449999999999996,698.0,0.0,2.4933067450001545,47,heuristic_online_replay,M2_PERIODIC_15,XS,balanced,3,63.72222222222222,86.15,679.0,0.0,1.0645161290322578,1.2408589669181656,0.027982326951399118,0.0,XS__balanced,test,R02_R03,6,6,0.0392156862745098,0,6,6,0.0,0.6666666666666666,1,18,153,0.16559522887460304,0.19567307692307687,0.06713780918727916,0.0,0.13350679360243245,0.13350679360243245,M0_FIFO_OFFICIAL,0.0,easy,True
GO_XS_BALANCED_03,129.11111111111111,189.15,14.777777777777779,38.449999999999996,698.0,0.0,0.6373051040000064,24,heuristic_online_replay,M2_PERIODIC_30,XS,balanced,3,63.72222222222222,86.15,679.0,0.0,1.02615518744551,1.195589088798607,0.027982326951399118,0.0,XS__balanced,test,R02_R03,6,6,0.0392156862745098,0,6,6,0.0,0.6666666666666666,1,18,153,0.1595538687940516,0.18862179487179484,0.06713780918727916,0.0,0.1290253610533638,0.1290253610533638,M0_FIFO_OFFICIAL,0.0,easy,True
GO_XS_BALANCED_03,76.94444444444444,114.44999999999999,11.777777777777779,39.0,698.0,0.0,0.852736523999738,31,heuristic_online_replay,M3_EVENT_REACTIVE,XS,balanced,3,63.72222222222222,86.15,679.0,0.0,0.2074978204010462,0.3284968078932093,0.027982326951399118,0.0,XS__balanced,test,R02_R03,0,0,0.0,0,0,0,0.0,0.0,0,18,153,0.04383858725118114,0.03814102564102564,0.06713780918727916,0.0,0.039333292051379795,0.039333292051379795,M0_FIFO_OFFICIAL,0.0,easy,True
GO_XS_BALANCED_03,76.5,115.35,11.555555555555555,39.3,698.0,0.0,0.8556805099997291,31,heuristic_online_replay,M5_ATC_EVENT,XS,balanced,3,63.72222222222222,86.15,679.0,0.0,0.20052310374891022,0.3389437028438768,0.027982326951399118,0.0,XS__balanced,test,R02_R03,1,1,0.006535947712418301,0,1,1,0.0,0.1111111111111111,1,18,153,0.045232747269769946,0.03685897435897436,0.06713780918727916,0.0,0.03964015123923194,0.03964015123923194,M0_FIFO_OFFICIAL,0.0,easy,True
GO_XS_BALANCED_03,76.94444444444444,114.44999999999999,11.777777777777779,39.0,698.0,0.0,0.8474517690010543,31,heuristic_online_replay,M6_FIFO_PRIORITY_EVENT,XS,balanced,3,63.72222222222222,86.15,679.0,0.0,0.2074978204010462,0.3284968078932093,0.027982326951399118,0.0,XS__balanced,test,R02_R03,0,0,0.0,0,0,0,0.0,0.0,0,18,153,0.04383858725118114,0.03814102564102564,0.06713780918727916,0.0,0.039333292051379795,0.039333292051379795,M0_FIFO_OFFICIAL,0.0,easy,True
GO_XS_BALANCED_03,74.66666666666667,115.04999999999998,20.333333333333332,64.3,679.0,0.0,3.5140520869990723,18,m5_seeded_local_search,M7_REPAIR_LS,XS,balanced,3,63.72222222222222,86.15,679.0,0.0,0.17175239755884927,0.33546140452698753,0.0,0.0,XS__balanced,test,R02_R03,3,3,0.0196078431372549,0,3,3,0.0,0.3333333333333333,1,18,153,0.044768027263573665,0.03157051282051283,0.0,0.0,0.028038240473736358,0.028038240473736358,M0_FIFO_OFFICIAL,0.0,easy,True
GO_XS_DISRUPTED_01,140.70833333333334,288.1499999999998,78.91666666666667,223.09999999999985,717.0,34.0,0.0,1,official_release,M0_FIFO_OFFICIAL,XS,disrupted,1,140.70833333333334,288.1499999999998,717.0,34.0,0.0,0.0,0.0,0.0,XS__disrupted,calibration,R01,0,0,0.0,0,0,0,0.0,0.0,0,24,276,0.0,0.0,0.0,0.0,0.0,0.0,M0_FIFO_OFFICIAL,0.0,easy,True
GO_XS_DISRUPTED_01,470.8333333333333,802.25,408.9166666666667,737.55,1041.0,4737.75,0.1360009030004221,1,heuristic_feasible,M1_WEIGHTED_SLACK,XS,disrupted,1,140.70833333333334,288.1499999999998,717.0,34.0,2.3461652354160494,1.7841402047544699,0.45188284518828453,4703.75,XS__disrupted,calibration,R01,131,131,0.4746376811594203,0,131,131,0.0,7.583333333333333,16,24,276,0.8328203466709868,0.8130323242688559,0.7397260273972602,0.6106981726118991,0.7805908670705318,0.7805908670705318,M0_FIFO_OFFICIAL,0.0,easy,False
GO_XS_DISRUPTED_01,546.75,905.4499999999998,485.2083333333333,836.3499999999998,1155.0,7736.25,0.09534946999974636,1,heuristic_feasible,M1_SPT,XS,disrupted,1,140.70833333333334,288.1499999999998,717.0,34.0,2.8856973645247255,2.1422870032968953,0.6108786610878661,7702.25,XS__disrupted,calibration,R01,132,132,0.4782608695652174,0,132,132,0.0,8.416666666666666,13,24,276,1.0,1.0,1.0,1.0,1.0,1.0,M0_FIFO_OFFICIAL,0.0,easy,False
GO_XS_DISRUPTED_01,224.83333333333334,434.65,163.33333333333334,367.74999999999994,854.0,337.75,0.08550530200045614,1,heuristic_feasible,M1_EDD,XS,disrupted,1,140.70833333333334,288.1499999999998,717.0,34.0,0.5978679301154871,0.5084157556828051,0.1910739191073919,303.75,XS__disrupted,calibration,R01,33,33,0.11956521739130435,0,33,33,0.0,2.0833333333333335,6,24,276,0.2373238295804312,0.20718317085684967,0.3127853881278539,0.039436528287188806,0.21142480348766282,0.21142480348766282,M0_FIFO_OFFICIAL,0.0,easy,False
GO_XS_DISRUPTED_01,493.875,814.55,432.0833333333333,754.9499999999999,1043.0,5453.5,0.21240909399966768,1,heuristic_feasible,M1_CR,XS,disrupted,1,140.70833333333334,288.1499999999998,717.0,34.0,2.5099200473793304,1.8268263057435379,0.45467224546722457,5419.5,XS__disrupted,calibration,R01,121,121,0.4384057971014493,0,121,121,0.0,7.333333333333333,15,24,276,0.8527458286084564,0.8697793740379681,0.7442922374429224,0.7036255639585836,0.8183681365935233,0.8183681365935233,M0_FIFO_OFFICIAL,0.0,easy,False
GO_XS_DISRUPTED_01,482.75,839.25,420.9166666666667,772.8499999999999,1079.0,5129.0,0.13558299699980125,1,heuristic_feasible,M1_WSPT,XS,disrupted,1,140.70833333333334,288.1499999999998,717.0,34.0,2.4308557891619778,1.9125455491931302,0.504881450488145,5095.0,XS__disrupted,calibration,R01,120,120,0.43478260869565216,0,120,120,0.0,7.833333333333333,16,24,276,0.8927587882715052,0.842380708055413,0.8264840182648402,0.6614950176896361,0.835533487129202,0.835533487129202,M0_FIFO_OFFICIAL,0.0,easy,False
GO_XS_DISRUPTED_01,451.5,846.65,389.375,790.4999999999999,978.0,5793.75,0.0848260279999522,1,heuristic_feasible,M1_MWKR,XS,disrupted,1,140.70833333333334,288.1499999999998,717.0,34.0,2.208765176191886,1.9382266180808627,0.36401673640167365,5759.75,XS__disrupted,calibration,R01,129,129,0.4673913043478261,0,129,129,0.0,7.75,19,24,276,0.904746476591609,0.7654181631605952,0.5958904109589042,0.7478009672498296,0.8000441619876829,0.8000441619876829,M0_FIFO_OFFICIAL,0.0,easy,False
GO_XS_DISRUPTED_01,486.9583333333333,792.9499999999999,424.8333333333333,727.1,1025.0,4974.5,0.09971247499925084,1,heuristic_feasible,M1_ATC_CANONICAL,XS,disrupted,1,140.70833333333334,288.1499999999998,717.0,34.0,2.460763991708617,1.7518653479090767,0.4295676429567643,4940.5,XS__disrupted,calibration,R01,126,126,0.45652173913043476,0,126,126,0.0,7.583333333333333,18,24,276,0.8177547383768025,0.8527449974345819,0.7031963470319634,0.6414359440423253,0.7828707252893499,0.7828707252893499,M0_FIFO_OFFICIAL,0.0,easy,False
GO_XS_DISRUPTED_01,242.41666666666666,404.09999999999997,9.708333333333334,28.39999999999999,809.0,367.5,2.573010969000279,54,heuristic_online_replay,M2_PERIODIC_15,XS,disrupted,1,140.70833333333334,288.1499999999998,717.0,34.0,0.7228309150133253,0.40239458615304613,0.12831241283124128,333.5,XS__disrupted,calibration,R01,37,37,0.13405797101449277,0,37,37,0.0,2.5,5,24,276,0.18783411631297614,0.2504874294510005,0.2100456621004566,0.043299035995975205,0.18514891441805417,0.18514891441805417,M0_FIFO_OFFICIAL,0.0,easy,False
GO_XS_DISRUPTED_01,287.3333333333333,454.79999999999995,17.375,49.199999999999974,884.0,1039.0,1.0296243019993199,30,heuristic_online_replay,M2_PERIODIC_30,XS,disrupted,1,140.70833333333334,288.1499999999998,717.0,34.0,1.0420491560556704,0.5783446121811565,0.23291492329149233,1005.0,XS__disrupted,calibration,R01,37,37,0.13405797101449277,0,37,37,0.0,2.5,5,24,276,0.26996598088449725,0.3611082606464853,0.3812785388127854,0.13048135285143952,0.28852574030927886,0.28852574030927886,M0_FIFO_OFFICIAL,0.0,easy,False
GO_XS_DISRUPTED_01,245.70833333333334,435.65,78.70833333333333,249.44999999999993,855.0,473.0,1.276921554999717,39,heuristic_online_replay,M3_EVENT_REACTIVE,XS,disrupted,1,140.70833333333334,288.1499999999998,717.0,34.0,0.7462244595795083,0.5118861703973634,0.19246861924686193,439.0,XS__disrupted,calibration,R01,10,10,0.036231884057971016,0,10,10,0.0,0.75,2,24,276,0.2389437874615263,0.25859415084658804,0.3150684931506849,0.05699633224057905,0.22798296587802344,0.22798296587802344,M0_FIFO_OFFICIAL,0.0,easy,False
GO_XS_DISRUPTED_01,197.58333333333334,398.5999999999999,57.375,204.49999999999994,814.0,130.0,1.257915564000541,39,heuristic_online_replay,M5_ATC_EVENT,XS,disrupted,1,140.70833333333334,288.1499999999998,717.0,34.0,0.40420491560556704,0.38330730522297474,0.13528591352859135,96.0,XS__disrupted,calibration,R01,8,8,0.028985507246376812,0,8,8,0.0,0.5833333333333334,2,24,276,0.17892434796695303,0.14007183170856852,0.22146118721461186,0.012463890421630043,0.15062267615770727,0.15062267615770727,M0_FIFO_OFFICIAL,0.0,easy,False
GO_XS_DISRUPTED_01,246.70833333333334,435.65,80.25,251.34999999999994,855.0,492.0,1.2969429869990563,39,heuristic_online_replay,M6_FIFO_PRIORITY_EVENT,XS,disrupted,1,140.70833333333334,288.1499999999998,717.0,34.0,0.7533313591945513,0.5118861703973634,0.19246861924686193,458.0,XS__disrupted,calibration,R01,11,11,0.03985507246376811,0,11,11,0.0,0.8333333333333334,2,24,276,0.2389437874615263,0.2610569522832222,0.3150684931506849,0.05946314388652667,0.22896868798407413,0.22896868798407413,M0_FIFO_OFFICIAL,0.0,easy,False
GO_XS_DISRUPTED_01,187.58333333333334,352.9499999999999,125.54166666666667,288.1499999999999,777.0,76.0,3.9490855499989266,24,m5_seeded_local_search,M7_REPAIR_LS,XS,disrupted,1,140.70833333333334,288.1499999999998,717.0,34.0,0.33313591945513765,0.22488287350338404,0.08368200836820083,42.0,XS__disrupted,calibration,R01,17,17,0.06159420289855073,0,17,17,0.0,1.1666666666666667,2,24,276,0.10497327069496205,0.11544381734222679,0.136986301369863,0.005452952059463144,0.09746481416268855,0.09746481416268855,M0_FIFO_OFFICIAL,0.0,easy,True
GO_XS_DISRUPTED_02,148.70833333333334,246.94999999999993,89.0,192.39999999999995,715.0,0.0,0.0,1,official_release,M0_FIFO_OFFICIAL,XS,disrupted,2,148.70833333333334,246.94999999999993,715.0,0.0,0.0,0.0,0.0,0.0,XS__disrupted,test,R02_R03,0,0,0.0,0,0,0,0.0,0.0,0,24,276,0.0,0.0,0.0,0.0,0.0,0.0,M0_FIFO_OFFICIAL,0.0,easy,True
GO_XS_DISRUPTED_02,615.8333333333334,954.4499999999999,555.9166666666666,898.6999999999999,1198.0,7569.75,0.12053891199957434,1,heuristic_feasible,M1_WEIGHTED_SLACK,XS,disrupted,2,148.70833333333334,246.94999999999993,715.0,0.0,3.1412160268982907,2.8649524195181217,0.6755244755244755,7569.75,XS__disrupted,test,R02_R03,160,160,0.5797101449275363,0,160,160,0.0,9.166666666666666,18,24,276,1.0,1.0,1.0,1.0,1.0,1.0,M0_FIFO_OFFICIAL,0.0,easy,False
GO_XS_DISRUPTED_02,406.375,811.1999999999998,346.75,742.1999999999998,1047.0,3669.0,0.12512791700009984,1,heuristic_feasible,M1_SPT,XS,disrupted,2,148.70833333333334,246.94999999999993,715.0,0.0,1.7326982347996633,2.2848754808665723,0.4643356643356643,3669.0,XS__disrupted,test,R02_R03,147,147,0.532608695652174,0,147,147,0.0,9.166666666666666,19,24,276,0.7975265017667843,0.5516011060565515,0.6873706004140787,0.48469236104230656,0.6725966465276486,0.6725966465276486,M0_FIFO_OFFICIAL,0.0,easy,False
GO_XS_DISRUPTED_02,242.79166666666666,439.1499999999999,183.25,372.04999999999995,866.0,464.5,0.08792709499994089,1,heuristic_feasible,M1_EDD,XS,disrupted,2,148.70833333333334,246.94999999999993,715.0,0.0,0.6326702157467076,0.7782952014577852,0.2111888111888112,464.5,XS__disrupted,test,R02_R03,48,48,0.17391304347826086,0,48,48,0.0,3.1666666666666665,10,24,276,0.271660777385159,0.20140933012220136,0.31262939958592134,0.061362660589847746,0.22869849138023726,0.22869849138023726,M0_FIFO_OFFICIAL,0.0,easy,False
GO_XS_DISRUPTED_02,582.25,947.3499999999998,522.6666666666666,891.3999999999999,1103.0,7100.25,0.11466384400046081,1,heuristic_feasible,M1_CR,XS,disrupted,2,148.70833333333334,246.94999999999993,715.0,0.0,2.9153824600728493,2.8362016602551128,0.5426573426573427,7100.25,XS__disrupted,test,R02_R03,144,144,0.5217391304347826,0,144,144,0.0,8.0,18,24,276,0.9899646643109539,0.928106324145928,0.8033126293995859,0.9379768156147825,0.9387040967285665,0.9387040967285665,M0_FIFO_OFFICIAL,0.0,easy,False
GO_XS_DISRUPTED_02,555.0,924.0499999999998,495.2916666666667,855.0499999999998,1157.0,6113.75,0.11759235199951945,1,heuristic_feasible,M1_WSPT,XS,disrupted,2,148.70833333333334,246.94999999999993,715.0,0.0,2.732137853740543,2.741850577039887,0.6181818181818182,6113.75,XS__disrupted,test,R02_R03,162,162,0.5869565217391305,0,162,162,0.0,9.333333333333334,19,24,276,0.9570318021201412,0.8697707608598697,0.9151138716356108,0.8076554707883351,0.9065224025326228,0.9065224025326228,M0_FIFO_OFFICIAL,0.0,easy,False
GO_XS_DISRUPTED_02,518.625,834.6999999999999,458.7916666666667,784.6999999999999,1081.0,6292.5,0.0808926710005835,1,heuristic_feasible,M1_MWKR,XS,disrupted,2,148.70833333333334,246.94999999999993,715.0,0.0,2.4875315214345752,2.3800364446244187,0.5118881118881119,6292.5,XS__disrupted,test,R02_R03,112,112,0.4057971014492754,0,112,112,0.0,7.083333333333333,16,24,276,0.8307420494699647,0.7919008117027918,0.7577639751552795,0.831269196472803,0.8101641009313945,0.8101641009313945,M0_FIFO_OFFICIAL,0.0,easy,False
GO_XS_DISRUPTED_02,564.9166666666666,877.0,505.0833333333333,808.8499999999999,1158.0,6366.25,0.0978350280001905,1,heuristic_feasible,M1_ATC_CANONICAL,XS,disrupted,2,148.70833333333334,246.94999999999993,715.0,0.0,2.798823199775847,2.5513261793885413,0.6195804195804195,6366.25,XS__disrupted,test,R02_R03,167,167,0.605072463768116,0,167,167,0.0,9.416666666666666,21,24,276,0.8905300353356892,0.8909999108018909,0.917184265010352,0.8410119224545064,0.8872179217212616,0.8872179217212616,M0_FIFO_OFFICIAL,0.0,easy,False
GO_XS_DISRUPTED_02,226.95833333333334,327.2,11.125,22.849999999999998,781.0,66.0,3.2285265129994514,52,heuristic_online_replay,M2_PERIODIC_15,XS,disrupted,2,148.70833333333334,246.94999999999993,715.0,0.0,0.5261978145138694,0.3249645677262607,0.09230769230769231,66.0,XS__disrupted,test,R02_R03,44,44,0.15942028985507245,0,44,44,0.0,3.0,10,24,276,0.1134275618374559,0.16751404870216752,0.13664596273291926,0.008718914098880412,0.114725646527167,0.114725646527167,M0_FIFO_OFFICIAL,0.0,easy,True
GO_XS_DISRUPTED_02,268.6666666666667,402.99999999999994,28.291666666666668,66.79999999999994,820.0,335.75,0.9854065899999114,28,heuristic_online_replay,M2_PERIODIC_30,XS,disrupted,2,148.70833333333334,246.94999999999993,715.0,0.0,0.8066685346035304,0.6319092933792267,0.14685314685314685,335.75,XS__disrupted,test,R02_R03,42,42,0.15217391304347827,0,42,42,0.0,2.75,10,24,276,0.220565371024735,0.25680135581125685,0.21739130434782608,0.04435417285907725,0.20271657749498048,0.20271657749498048,M0_FIFO_OFFICIAL,0.0,easy,False
GO_XS_DISRUPTED_02,224.79166666666666,326.34999999999997,30.25,93.94999999999995,750.0,3.0,1.3794182270003148,37,heuristic_online_replay,M3_EVENT_REACTIVE,XS,disrupted,2,148.70833333333334,246.94999999999993,715.0,0.0,0.511627906976744,0.32152257542012574,0.04895104895104895,3.0,XS__disrupted,test,R02_R03,32,32,0.11594202898550725,0,32,32,0.0,2.25,10,24,276,0.11222614840989405,0.16287574703416283,0.07246376811594203,0.0003963142772218369,0.1021497159019676,0.1021497159019676,M0_FIFO_OFFICIAL,0.0,easy,True
GO_XS_DISRUPTED_02,192.625,318.95,31.958333333333332,129.7999999999999,789.0,76.0,1.3473579910005355,37,heuristic_online_replay,M5_ATC_EVENT,XS,disrupted,2,148.70833333333334,246.94999999999993,715.0,0.0,0.29532081815634625,0.2915569953431872,0.1034965034965035,76.0,XS__disrupted,test,R02_R03,35,35,0.12681159420289856,0,35,35,0.0,2.3333333333333335,9,24,276,0.1017667844522969,0.094014806886094,0.15320910973084886,0.010039961689619868,0.09378611543812741,0.09378611543812741,M0_FIFO_OFFICIAL,0.0,easy,True
GO_XS_DISRUPTED_02,226.125,370.55,33.833333333333336,103.99999999999996,780.0,176.0,1.3727924150007311,37,heuristic_online_replay,M6_FIFO_PRIORITY_EVENT,XS,disrupted,2,148.70833333333334,246.94999999999993,715.0,0.0,0.5205940039226673,0.500506175339138,0.09090909090909091,176.0,XS__disrupted,test,R02_R03,34,34,0.12318840579710146,0,34,34,0.0,2.4166666666666665,11,24,276,0.17469964664310966,0.1657300865221657,0.13457556935817805,0.023250437597014433,0.14372126366321963,0.14372126366321963,M0_FIFO_OFFICIAL,0.0,easy,True
GO_XS_DISRUPTED_02,202.5,321.5,142.70833333333334,263.55,789.0,76.0,4.064645959999325,22,m5_seeded_local_search,M7_REPAIR_LS,XS,disrupted,2,148.70833333333334,246.94999999999993,715.0,0.0,0.36172597366209014,0.3018829722615918,0.1034965034965035,76.0,XS__disrupted,test,R02_R03,33,33,0.11956521739130435,0,33,33,0.0,2.3333333333333335,8,24,276,0.10537102473498243,0.11515475871911514,0.15320910973084886,0.010039961689619868,0.10069301152359118,0.10069301152359118,M0_FIFO_OFFICIAL,0.0,easy,True
GO_XS_DISRUPTED_03,189.83333333333334,310.25,122.70833333333333,249.25,693.0,53.0,0.0,1,official_release,M0_FIFO_OFFICIAL,XS,disrupted,3,189.83333333333334,310.25,693.0,53.0,0.0,0.0,0.0,0.0,XS__disrupted,test,R02_R03,0,0,0.0,0,0,0,0.0,0.0,0,24,276,0.0,0.0,0.0,0.0,0.0,0.0,M0_FIFO_OFFICIAL,0.0,easy,True
GO_XS_DISRUPTED_03,487.0416666666667,915.9499999999999,419.7916666666667,848.55,1016.0,5081.75,0.1123765469992577,1,heuristic_feasible,M1_WEIGHTED_SLACK,XS,disrupted,3,189.83333333333334,310.25,693.0,53.0,1.5656277436347674,1.9522965350523769,0.4660894660894661,5028.75,XS__disrupted,test,R02_R03,171,171,0.6195652173913043,0,171,171,0.0,9.083333333333334,23,24,276,0.7692405384810768,0.4978364042434395,0.5143312101910829,0.36265459921393284,0.6021652147880968,0.6021652147880968,M0_FIFO_OFFICIAL,0.0,easy,False
GO_XS_DISRUPTED_03,424.5416666666667,771.5999999999999,357.0,697.5999999999999,1028.0,4009.0,0.16131970300011744,1,heuristic_feasible,M1_SPT,XS,disrupted,3,189.83333333333334,310.25,693.0,53.0,1.2363915715539948,1.487026591458501,0.4834054834054834,3956.0,XS__disrupted,test,R02_R03,123,123,0.44565217391304346,0,123,123,0.0,7.583333333333333,17,24,276,0.5859156718313435,0.39314628699050813,0.5334394904458599,0.2852918905275304,0.4847583312177402,0.4847583312177402,M0_FIFO_OFFICIAL,0.0,easy,False
GO_XS_DISRUPTED_03,284.5,421.5,217.54166666666666,356.79999999999995,834.0,409.0,0.09957258900067245,1,heuristic_feasible,M1_EDD,XS,disrupted,3,189.83333333333334,310.25,693.0,53.0,0.49868305531167684,0.3585817888799355,0.20346320346320346,356.0,XS__disrupted,test,R02_R03,32,32,0.11594202898550725,0,32,32,0.0,2.3333333333333335,5,24,276,0.14128778257556512,0.15857063093243995,0.22452229299363058,0.025673385497421843,0.14075151166577216,0.14075151166577216,M0_FIFO_OFFICIAL,0.0,easy,True
GO_XS_DISRUPTED_03,696.7916666666666,1062.8999999999999,629.2916666666666,997.8,1223.0,10595.0,0.10956771400014986,1,heuristic_feasible,M1_CR,XS,disrupted,3,189.83333333333334,310.25,693.0,53.0,2.67054433713784,2.425946817082997,0.7647907647907648,10542.0,XS__disrupted,test,R02_R03,169,169,0.6123188405797102,0,169,169,0.0,9.25,19,24,276,0.9558674117348231,0.8491764377442769,0.8439490445859873,0.7602495222298344,0.8830642297391129,0.8830642297391129,M0_FIFO_OFFICIAL,0.0,easy,False
GO_XS_DISRUPTED_03,423.8333333333333,787.7999999999998,356.5833333333333,713.4999999999998,1027.0,3232.25,0.15783578699938516,1,heuristic_feasible,M1_WSPT,XS,disrupted,3,189.83333333333334,310.25,693.0,53.0,1.2326602282704124,1.5392425463336015,0.481962481962482,3179.25,XS__disrupted,test,R02_R03,108,108,0.391304347826087,0,108,108,0.0,6.75,19,24,276,0.6064897129794257,0.39195979899497485,0.5318471337579618,0.2292755922547146,0.48507872949138675,0.48507872949138675,M0_FIFO_OFFICIAL,0.0,easy,False
GO_XS_DISRUPTED_03,786.8333333333334,1097.65,719.6666666666666,1037.65,1321.0,13919.5,0.07667646400022932,1,heuristic_feasible,M1_MWKR,XS,disrupted,3,189.83333333333334,310.25,693.0,53.0,3.14486391571554,2.53795326349718,0.9062049062049062,13866.5,XS__disrupted,test,R02_R03,141,141,0.5108695652173914,6,135,135,0.0425531914893617,8.75,12,24,276,1.0,1.0,1.0,1.0,1.0,1.0,M0_FIFO_OFFICIAL,0.0,easy,False
GO_XS_DISRUPTED_03,501.6666666666667,995.9499999999999,434.5833333333333,928.55,1108.0,5069.75,0.11176438799975585,1,heuristic_feasible,M1_ATC_CANONICAL,XS,disrupted,3,189.83333333333334,310.25,693.0,53.0,1.6426690079016681,2.210153102336825,0.5988455988455988,5016.75,XS__disrupted,test,R02_R03,159,159,0.5760869565217391,0,159,159,0.0,9.0,23,24,276,0.8708407416814832,0.5223338916806254,0.660828025477707,0.3617892041971658,0.6758543911280547,0.6758543911280547,M0_FIFO_OFFICIAL,0.0,easy,False
GO_XS_DISRUPTED_03,293.5,407.79999999999995,12.208333333333334,28.549999999999994,839.0,336.0,3.8705533610000202,56,heuristic_online_replay,M2_PERIODIC_15,XS,disrupted,3,189.83333333333334,310.25,693.0,53.0,0.5460930640913081,0.31442385173247367,0.2106782106782107,283.0,XS__disrupted,test,R02_R03,23,23,0.08333333333333333,0,23,23,0.0,1.6666666666666667,4,24,276,0.12388874777749548,0.17364600781686207,0.23248407643312102,0.020408899145422422,0.13709538479087,0.13709538479087,M0_FIFO_OFFICIAL,0.0,easy,True
GO_XS_DISRUPTED_03,318.4583333333333,462.49999999999994,26.5,42.699999999999996,876.0,784.25,1.1202854909997768,30,heuristic_online_replay,M2_PERIODIC_30,XS,disrupted,3,189.83333333333334,310.25,693.0,53.0,0.6775680421422299,0.49073327961321495,0.26406926406926406,731.25,XS__disrupted,test,R02_R03,27,27,0.09782608695652174,0,27,27,0.0,1.9166666666666667,4,24,276,0.19335788671577334,0.2154522613065326,0.2914012738853503,0.052735008834240794,0.19249455675666982,0.19249455675666982,M0_FIFO_OFFICIAL,0.0,easy,False
GO_XS_DISRUPTED_03,303.5833333333333,450.84999999999997,45.625,120.29999999999995,810.0,523.0,1.3949338829997942,36,heuristic_online_replay,M3_EVENT_REACTIVE,XS,disrupted,3,189.83333333333334,310.25,693.0,53.0,0.5992098331870059,0.4531829170024173,0.16883116883116883,470.0,XS__disrupted,test,R02_R03,16,16,0.057971014492753624,0,16,16,0.0,1.0833333333333333,4,24,276,0.1785623571247142,0.19053601340033496,0.18630573248407642,0.033894638156708616,0.1610171196523229,0.1610171196523229,M0_FIFO_OFFICIAL,0.0,easy,False
GO_XS_DISRUPTED_03,307.8333333333333,466.9999999999999,53.25,175.2,864.0,674.5,1.4134394849997989,36,heuristic_online_replay,M5_ATC_EVENT,XS,disrupted,3,189.83333333333334,310.25,693.0,53.0,0.6215978928884985,0.505237711522965,0.24675324675324675,621.5,XS__disrupted,test,R02_R03,21,21,0.07608695652173914,0,21,21,0.0,1.5833333333333333,4,24,276,0.19907289814579612,0.1976549413735343,0.27229299363057324,0.04482025024339235,0.18656352609008667,0.18656352609008667,M0_FIFO_OFFICIAL,0.0,easy,False
GO_XS_DISRUPTED_03,320.125,492.3499999999999,52.5,147.39999999999998,831.0,963.0,1.384038755999427,36,heuristic_online_replay,M6_FIFO_PRIORITY_EVENT,XS,disrupted,3,189.83333333333334,310.25,693.0,53.0,0.6863476733977172,0.5869460112812245,0.19913419913419914,910.0,XS__disrupted,test,R02_R03,19,19,0.06884057971014493,0,19,19,0.0,1.3333333333333333,5,24,276,0.23126746253492492,0.21824399776661083,0.2197452229299363,0.06562578877149966,0.20143700933758432,0.20143700933758432,M0_FIFO_OFFICIAL,0.0,easy,False
GO_XS_DISRUPTED_03,257.7083333333333,411.79999999999995,190.45833333333334,348.04999999999995,811.0,289.0,4.204450102000919,23,m5_seeded_local_search,M7_REPAIR_LS,XS,disrupted,3,189.83333333333334,310.25,693.0,53.0,0.3575504828797189,0.32731668009669607,0.17027417027417027,236.0,XS__disrupted,test,R02_R03,33,33,0.11956521739130435,0,33,33,0.0,2.4166666666666665,5,24,276,0.1289687579375158,0.11369346733668337,0.18789808917197454,0.01701943532975156,0.11719693658131188,0.11719693658131188,M0_FIFO_OFFICIAL,0.0,easy,True
GO_XS_PEAK_01,83.75,141.14999999999995,26.083333333333332,82.04999999999997,642.0,0.0,0.0,1,official_release,M0_FIFO_OFFICIAL,XS,peak,1,83.75,141.14999999999995,642.0,0.0,0.0,0.0,0.0,0.0,XS__peak,calibration,R01,0,0,0.0,0,0,0,0.0,0.0,0,24,276,0.0,0.0,0.0,0.0,0.0,0.0,M0_FIFO_OFFICIAL,0.0,easy,True
GO_XS_PEAK_01,495.4583333333333,772.7499999999999,437.7916666666667,716.9999999999999,1102.0,5676.75,0.1246569000004456,1,heuristic_feasible,M1_WEIGHTED_SLACK,XS,peak,1,83.75,141.14999999999995,642.0,0.0,4.91592039800995,4.4746723343960335,0.7165109034267912,5676.75,XS__peak,calibration,R01,131,131,0.4746376811594203,0,131,131,0.0,7.5,20,24,276,0.8162315843887311,0.9420345123462676,0.968421052631579,0.7783566996880678,0.8648295039094429,0.8648295039094429,M0_FIFO_OFFICIAL,0.0,easy,False
GO_XS_PEAK_01,440.7083333333333,808.55,382.2916666666667,736.1,1101.0,5224.5,0.17049770799985708,1,heuristic_feasible,M1_SPT,XS,peak,1,83.75,141.14999999999995,642.0,0.0,4.262189054726368,4.7283032235210785,0.7149532710280374,5224.5,XS__peak,calibration,R01,123,123,0.44565217391304346,0,123,123,0.0,7.666666666666667,14,24,276,0.8624967691910057,0.8167604156735628,0.9663157894736842,0.7163473074418126,0.8447131145916679,0.8447131145916679,M0_FIFO_OFFICIAL,0.0,easy,False
GO_XS_PEAK_01,101.83333333333333,160.59999999999997,44.25,101.34999999999998,702.0,0.0,0.0982843049996518,1,heuristic_feasible,M1_EDD,XS,peak,1,83.75,141.14999999999995,642.0,0.0,0.2159203980099502,0.1377966702089977,0.09345794392523364,0.0,XS__peak,calibration,R01,20,20,0.07246376811594203,0,20,20,0.0,1.4166666666666667,6,24,276,0.025135693977772065,0.04137668033177614,0.12631578947368421,0.0,0.040602600793994095,0.040602600793994095,M0_FIFO_OFFICIAL,0.0,easy,True
GO_XS_PEAK_01,449.875,914.9499999999997,392.0833333333333,859.9499999999997,1061.0,5417.0,0.12203888600015489,1,heuristic_feasible,M1_CR,XS,peak,1,83.75,141.14999999999995,642.0,0.0,4.371641791044776,5.482111229188806,0.6526479750778816,5417.0,XS__peak,calibration,R01,143,143,0.5181159420289855,0,143,143,0.0,8.333333333333334,20,24,276,1.0,0.837734769758795,0.8821052631578947,0.7427415761149008,0.9031607183306181,0.9031607183306181,M0_FIFO_OFFICIAL,0.0,easy,False
GO_XS_PEAK_01,442.875,705.8,384.5,640.4999999999999,1003.0,4476.25,0.14626358799978334,1,heuristic_feasible,M1_WSPT,XS,peak,1,83.75,141.14999999999995,642.0,0.0,4.2880597014925375,4.000354233085371,0.5623052959501558,4476.25,XS__peak,calibration,R01,113,113,0.40942028985507245,0,113,113,0.0,7.0,15,24,276,0.7297105195140866,0.8217179902755268,0.76,0.613752442326809,0.739862097699242,0.739862097699242,M0_FIFO_OFFICIAL,0.0,easy,False
GO_XS_PEAK_01,520.7916666666666,887.65,462.5416666666667,835.35,1117.0,7293.25,0.07382510600018577,1,heuristic_feasible,M1_MWKR,XS,peak,1,83.75,141.14999999999995,642.0,0.0,5.218407960199005,5.2886999645766934,0.7398753894080997,7293.25,XS__peak,calibration,R01,132,132,0.4782608695652174,0,132,132,0.0,8.416666666666666,18,24,276,0.9647195657792714,1.0,1.0,1.0,0.9841238046006722,0.9841238046006722,M0_FIFO_OFFICIAL,0.0,easy,False
GO_XS_PEAK_01,424.9583333333333,704.7499999999999,366.9583333333333,648.9999999999999,1034.0,4328.25,0.0980804229993737,1,heuristic_feasible,M1_ATC_CANONICAL,XS,peak,1,83.75,141.14999999999995,642.0,0.0,4.074129353233831,3.9929153382925975,0.6105919003115264,4328.25,XS__peak,calibration,R01,130,130,0.47101449275362317,0,130,130,0.0,8.0,20,24,276,0.7283535797363662,0.7807226618362094,0.8252631578947368,0.5934597058924348,0.7357482059084929,0.7357482059084929,M0_FIFO_OFFICIAL,0.0,easy,False
GO_XS_PEAK_01,157.125,255.25,9.041666666666666,28.949999999999985,716.0,0.0,3.3724262360001376,48,heuristic_online_replay,M2_PERIODIC_15,XS,peak,1,83.75,141.14999999999995,642.0,0.0,0.8761194029850746,0.8083599008147367,0.11526479750778816,0.0,XS__peak,calibration,R01,20,20,0.07246376811594203,0,20,20,0.0,1.4166666666666667,7,24,276,0.14745412251227719,0.1678901706549719,0.15578947368421053,0.0,0.13169531884689928,0.13169531884689928,M0_FIFO_OFFICIAL,0.0,easy,True
GO_XS_PEAK_01,149.66666666666666,247.74999999999991,21.375,48.849999999999994,707.0,0.0,0.7950307869996323,24,heuristic_online_replay,M2_PERIODIC_30,XS,peak,1,83.75,141.14999999999995,642.0,0.0,0.7870646766169153,0.7552249380092101,0.10124610591900311,0.0,XS__peak,calibration,R01,19,19,0.06884057971014493,0,19,19,0.0,1.3333333333333333,6,24,276,0.13776169552856035,0.15082467346744208,0.1368421052631579,0.0,0.12022524714418636,0.12022524714418636,M0_FIFO_OFFICIAL,0.0,easy,True
GO_XS_PEAK_01,108.375,200.39999999999998,19.416666666666668,57.09999999999999,701.0,0.0,1.2154565869996077,38,heuristic_online_replay,M3_EVENT_REACTIVE,XS,peak,1,83.75,141.14999999999995,642.0,0.0,0.29402985074626864,0.41976620616365606,0.09190031152647975,0.0,XS__peak,calibration,R01,4,4,0.014492753623188406,0,4,4,0.0,0.3333333333333333,2,24,276,0.07657017317136218,0.056344742110782726,0.12421052631578948,0.0,0.06717434240217708,0.06717434240217708,M0_FIFO_OFFICIAL,0.0,easy,True
GO_XS_PEAK_01,97.83333333333333,146.25,18.583333333333332,60.39999999999995,675.0,0.0,1.2162155179994443,38,heuristic_online_replay,M5_ATC_EVENT,XS,peak,1,83.75,141.14999999999995,642.0,0.0,0.16815920398009945,0.03613177470775808,0.0514018691588785,0.0,XS__peak,calibration,R01,2,2,0.007246376811594203,0,2,2,0.0,0.16666666666666666,2,24,276,0.0065908503489274396,0.03222423491276575,0.06947368421052631,0.0,0.02144299401678773,0.02144299401678773,M0_FIFO_OFFICIAL,0.0,easy,True
GO_XS_PEAK_01,119.45833333333333,196.19999999999993,26.125,100.64999999999993,724.0,36.0,1.2143568039991806,38,heuristic_online_replay,M6_FIFO_PRIORITY_EVENT,XS,peak,1,83.75,141.14999999999995,642.0,0.0,0.42636815920398,0.3900106269925611,0.1277258566978193,36.0,XS__peak,calibration,R01,4,4,0.014492753623188406,0,4,4,0.0,0.3333333333333333,2,24,276,0.07114241406048075,0.08170464295929068,0.1726315789473684,0.00493607102457752,0.0790753945628309,0.0790753945628309,M0_FIFO_OFFICIAL,0.0,easy,True
GO_XS_PEAK_01,106.375,162.85,48.708333333333336,108.0,718.0,0.0,3.8907959290008876,20,m5_seeded_local_search,M7_REPAIR_LS,XS,peak,1,83.75,141.14999999999995,642.0,0.0,0.2701492537313433,0.15373715905065571,0.11838006230529595,0.0,XS__peak,calibration,R01,2,2,0.007246376811594203,0,2,2,0.0,0.16666666666666666,2,24,276,0.02804342207288712,0.05176851940127753,0.16,0.0,0.049561669783118587,0.049561669783118587,M0_FIFO_OFFICIAL,0.0,easy,True
GO_XS_PEAK_02,79.5,106.85,18.833333333333332,47.79999999999998,665.0,0.0,0.0,1,official_release,M0_FIFO_OFFICIAL,XS,peak,2,79.5,106.85,665.0,0.0,0.0,0.0,0.0,0.0,XS__peak,test,R02_R03,0,0,0.0,0,0,0,0.0,0.0,0,24,276,0.0,0.0,0.0,0.0,0.0,0.0,M0_FIFO_OFFICIAL,0.0,easy,True
GO_XS_PEAK_02,610.375,1118.8,549.2083333333334,1053.3,1250.0,8226.0,0.14237878899984935,1,heuristic_feasible,M1_WEIGHTED_SLACK,XS,peak,2,79.5,106.85,665.0,0.0,6.677672955974843,9.470753392606458,0.8796992481203008,8226.0,XS__peak,test,R02_R03,181,181,0.6557971014492754,2,179,179,0.011049723756906077,9.833333333333334,23,24,276,1.0,0.9206590071536961,0.9733777038269551,0.7762940593592224,0.9426155162663507,0.9426155162663507,M0_FIFO_OFFICIAL,0.0,easy,False
GO_XS_PEAK_02,495.9583333333333,873.5999999999999,434.3333333333333,807.4499999999999,1154.0,6337.0,0.17988486000012927,1,heuristic_feasible,M1_SPT,XS,peak,2,79.5,106.85,665.0,0.0,5.238469601677148,7.17594759007955,0.7353383458646616,6337.0,XS__peak,test,R02_R03,117,117,0.42391304347826086,0,117,117,0.0,7.0,18,24,276,0.7576955383171105,0.72223426548161,0.8136439267886856,0.598027650639362,0.7332722952273093,0.7332722952273093,M0_FIFO_OFFICIAL,0.0,easy,False
GO_XS_PEAK_02,128.83333333333334,205.54999999999998,67.91666666666667,137.54999999999998,788.0,0.0,0.11135336200004531,1,heuristic_feasible,M1_EDD,XS,peak,2,79.5,106.85,665.0,0.0,0.6205450733752622,0.9237248479176415,0.1849624060150376,0.0,XS__peak,test,R02_R03,17,17,0.06159420289855073,0,17,17,0.0,1.3333333333333333,3,24,276,0.09753446316517614,0.08555531469036781,0.20465890183028287,0.0,0.09597817237146364,0.09597817237146364,M0_FIFO_OFFICIAL,0.0,easy,True
GO_XS_PEAK_02,602.0833333333334,1072.7,540.6666666666666,1015.25,1170.0,8545.75,0.15223140499983856,1,heuristic_feasible,M1_CR,XS,peak,2,79.5,106.85,665.0,0.0,6.573375262054507,9.039307440336922,0.7593984962406015,8545.75,XS__peak,test,R02_R03,174,174,0.6304347826086957,4,170,170,0.022988505747126436,9.666666666666666,21,24,276,0.954444389544938,0.9062793554447577,0.8402662229617305,0.8064691171613269,0.9030801151748701,0.9030801151748701,M0_FIFO_OFFICIAL,0.0,easy,False
GO_XS_PEAK_02,524.0416666666666,918.7499999999999,462.625,852.5999999999999,1199.0,6365.75,0.13055239000004804,1,heuristic_feasible,M1_WSPT,XS,peak,2,79.5,106.85,665.0,0.0,5.591719077568134,7.59850257370145,0.8030075187969925,6365.75,XS__peak,test,R02_R03,129,129,0.4673913043478261,0,129,129,0.0,7.916666666666667,18,24,276,0.8023123672118186,0.7709372064455523,0.8885191347753744,0.6007408106450243,0.7771638586697662,0.7771638586697662,M0_FIFO_OFFICIAL,0.0,easy,False
GO_XS_PEAK_02,656.125,1052.4499999999998,594.7083333333334,996.6499999999999,1266.0,10596.5,0.08140573200034851,1,heuristic_feasible,M1_MWKR,XS,peak,2,79.5,106.85,665.0,0.0,7.25314465408805,8.849789424426765,0.9037593984962407,10596.5,XS__peak,test,R02_R03,147,147,0.532608695652174,7,140,140,0.047619047619047616,8.25,21,24,276,0.9344335194426601,1.0,1.0,1.0,0.970495083749197,0.970495083749197,M0_FIFO_OFFICIAL,0.0,easy,False
GO_XS_PEAK_02,588.4166666666666,1115.3999999999999,526.7083333333334,1043.6499999999999,1194.0,7748.25,0.09277514899986272,1,heuristic_feasible,M1_ATC_CANONICAL,XS,peak,2,79.5,106.85,665.0,0.0,6.40146750524109,9.438933083762283,0.7954887218045112,7748.25,XS__peak,test,R02_R03,168,168,0.6086956521739131,2,166,166,0.011904761904761904,9.333333333333334,22,24,276,0.9966401502050496,0.8825782209697232,0.8801996672212978,0.7312084178738263,0.9108438355989716,0.9108438355989716,M0_FIFO_OFFICIAL,0.0,easy,False
GO_XS_PEAK_02,155.625,210.7,8.708333333333334,21.549999999999994,743.0,0.0,2.415639550999913,50,heuristic_online_replay,M2_PERIODIC_15,XS,peak,2,79.5,106.85,665.0,0.0,0.9575471698113207,0.9719232569021994,0.11729323308270677,0.0,XS__peak,test,R02_R03,23,23,0.08333333333333333,0,23,23,0.0,1.6666666666666667,3,24,276,0.10262364741340975,0.13201820940819423,0.129783693843594,0.0,0.09865274776462205,0.09865274776462205,M0_FIFO_OFFICIAL,0.0,easy,True
GO_XS_PEAK_02,149.29166666666666,200.25,18.916666666666668,52.0,739.0,0.0,0.7179439960000309,25,heuristic_online_replay,M2_PERIODIC_30,XS,peak,2,79.5,106.85,665.0,0.0,0.8778825995807127,0.8741226017781938,0.11127819548872181,0.0,XS__peak,test,R02_R03,24,24,0.08695652173913043,0,24,24,0.0,1.75,4,24,276,0.09229705024951827,0.12103475684659294,0.12312811980033278,0.0,0.09026157979398138,0.09026157979398138,M0_FIFO_OFFICIAL,0.0,easy,True
GO_XS_PEAK_02,128.33333333333334,199.74999999999997,45.375,131.49999999999994,733.0,28.0,0.8736386719992879,33,heuristic_online_replay,M3_EVENT_REACTIVE,XS,peak,2,79.5,106.85,665.0,0.0,0.6142557651991616,0.8694431445952268,0.10225563909774436,28.0,XS__peak,test,R02_R03,2,2,0.007246376811594203,0,2,2,0.0,0.16666666666666666,1,24,276,0.0918029546914373,0.08468820001445193,0.11314475873544093,0.0026423819185580144,0.07985145071285961,0.07985145071285961,M0_FIFO_OFFICIAL,0.0,easy,True
GO_XS_PEAK_02,107.29166666666667,158.79999999999998,28.833333333333332,82.39999999999999,707.0,0.0,0.8984419290000005,33,heuristic_online_replay,M5_ATC_EVENT,XS,peak,2,79.5,106.85,665.0,0.0,0.34958071278826003,0.4861956013102479,0.06315789473684211,0.0,XS__peak,test,R02_R03,1,1,0.0036231884057971015,0,1,1,0.0,0.08333333333333333,1,24,276,0.051336528484608915,0.04819712406965822,0.06988352745424292,0.0,0.045633247953625,0.045633247953625,M0_FIFO_OFFICIAL,0.0,easy,True
GO_XS_PEAK_02,128.33333333333334,199.74999999999997,45.375,131.49999999999994,733.0,28.0,0.8731670990000566,33,heuristic_online_replay,M6_FIFO_PRIORITY_EVENT,XS,peak,2,79.5,106.85,665.0,0.0,0.6142557651991616,0.8694431445952268,0.10225563909774436,28.0,XS__peak,test,R02_R03,2,2,0.007246376811594203,0,2,2,0.0,0.16666666666666666,1,24,276,0.0918029546914373,0.08468820001445193,0.11314475873544093,0.0026423819185580144,0.07985145071285961,0.07985145071285961,M0_FIFO_OFFICIAL,0.0,easy,True
GO_XS_PEAK_02,90.45833333333333,137.34999999999997,29.666666666666668,76.24999999999999,715.0,0.0,3.610844269000154,22,m5_seeded_local_search,M7_REPAIR_LS,XS,peak,2,79.5,106.85,665.0,0.0,0.13784067085953872,0.2854468881609731,0.07518796992481203,0.0,XS__peak,test,R02_R03,1,1,0.0036231884057971015,0,1,1,0.0,0.08333333333333333,1,24,276,0.03013982904293688,0.019004263313823246,0.08319467554076539,0.0,0.030793190228892216,0.030793190228892216,M0_FIFO_OFFICIAL,0.0,easy,True
GO_XS_PEAK_03,107.33333333333333,197.04999999999998,47.958333333333336,143.39999999999995,656.0,0.0,0.0,1,official_release,M0_FIFO_OFFICIAL,XS,peak,3,107.33333333333333,197.04999999999998,656.0,0.0,0.0,0.0,0.0,0.0,XS__peak,test,R02_R03,0,0,0.0,0,0,0,0.0,0.0,0,24,276,0.0,0.0,0.0,0.0,0.0,0.0,M0_FIFO_OFFICIAL,0.0,easy,True
GO_XS_PEAK_03,436.875,941.05,377.7916666666667,887.55,1103.0,4445.75,0.18075034199955553,1,heuristic_feasible,M1_WEIGHTED_SLACK,XS,peak,3,107.33333333333333,197.04999999999998,656.0,0.0,3.07026397515528,3.775691448870845,0.6814024390243902,4445.75,XS__peak,test,R02_R03,129,129,0.4673913043478261,0,129,129,0.0,8.166666666666666,18,24,276,0.9773399014778326,0.6654606647034077,0.8127272727272727,0.499340128604723,0.802978232040676,0.802978232040676,M0_FIFO_OFFICIAL,0.0,easy,False
GO_XS_PEAK_03,541.75,879.25,482.2083333333333,815.4,1206.0,7835.75,0.2020639200000005,1,heuristic_feasible,M1_SPT,XS,peak,3,107.33333333333333,197.04999999999998,656.0,0.0,4.047360248447205,3.462065465617864,0.8384146341463414,7835.75,XS__peak,test,R02_R03,121,121,0.4384057971014493,0,121,121,0.0,8.416666666666666,14,24,276,0.8961576354679803,0.877240218763147,1.0,0.880099963496476,0.9045959851758494,0.9045959851758494,M0_FIFO_OFFICIAL,0.0,easy,False
GO_XS_PEAK_03,148.125,230.04999999999998,88.83333333333333,168.7,743.0,0.0,0.1037927879997369,1,heuristic_feasible,M1_EDD,XS,peak,3,107.33333333333333,197.04999999999998,656.0,0.0,0.38004658385093176,0.16747018523217458,0.1326219512195122,0.0,XS__peak,test,R02_R03,11,11,0.03985507246376811,0,11,11,0.0,0.8333333333333334,2,24,276,0.04334975369458128,0.0823727387463189,0.15818181818181817,0.0,0.06382784657641402,0.06382784657641402,M0_FIFO_OFFICIAL,0.0,easy,True
GO_XS_PEAK_03,555.625,958.3,496.1666666666667,905.4,1149.0,7051.0,0.18032941100045718,1,heuristic_feasible,M1_CR,XS,peak,3,107.33333333333333,197.04999999999998,656.0,0.0,4.176630434782609,3.8632326820603913,0.7515243902439024,7051.0,XS__peak,test,R02_R03,132,132,0.4782608695652174,0,132,132,0.0,7.916666666666667,17,24,276,1.0,0.9052587294909551,0.8963636363636364,0.791957992867773,0.9295629267574501,0.9295629267574501,M0_FIFO_OFFICIAL,0.0,easy,False
GO_XS_PEAK_03,417.0833333333333,827.25,357.7083333333333,763.25,1082.0,3729.0,0.13711362499998359,1,heuristic_feasible,M1_WSPT,XS,peak,3,107.33333333333333,197.04999999999998,656.0,0.0,2.8858695652173916,3.1981730525247403,0.649390243902439,3729.0,XS__peak,test,R02_R03,101,101,0.36594202898550726,0,101,101,0.0,6.666666666666667,15,24,276,0.8278489326765189,0.6254943205721498,0.7745454545454545,0.4188358183809283,0.7079127907864284,0.7079127907864284,M0_FIFO_OFFICIAL,0.0,easy,False
GO_XS_PEAK_03,602.5416666666666,943.75,543.0416666666666,891.5999999999999,1206.0,8903.25,0.07890977899933205,1,heuristic_feasible,M1_MWKR,XS,peak,3,107.33333333333333,197.04999999999998,656.0,0.0,4.613742236024844,3.789393554935296,0.8384146341463414,8903.25,XS__peak,test,R02_R03,138,138,0.5,1,137,137,0.007246376811594203,8.083333333333334,17,24,276,0.9808866995073893,1.0,1.0,1.0,0.9913990147783251,0.9913990147783251,M0_FIFO_OFFICIAL,0.0,easy,False
GO_XS_PEAK_03,431.5833333333333,902.2999999999998,372.25,839.2999999999998,1098.0,4277.75,0.09015303600062907,1,heuristic_feasible,M1_ATC_CANONICAL,XS,peak,3,107.33333333333333,197.04999999999998,656.0,0.0,3.020962732919255,3.579040852575488,0.6737804878048781,4277.75,XS__peak,test,R02_R03,128,128,0.463768115942029,0,128,128,0.0,8.083333333333334,16,24,276,0.9264367816091953,0.6547749263777871,0.8036363636363636,0.4804706146631848,0.7732063300635169,0.7732063300635169,M0_FIFO_OFFICIAL,0.0,easy,False
GO_XS_PEAK_03,177.75,250.85,9.791666666666666,27.699999999999996,742.0,0.0,2.8847972749999826,50,heuristic_online_replay,M2_PERIODIC_15,XS,peak,3,107.33333333333333,197.04999999999998,656.0,0.0,0.6560559006211181,0.2730271504694241,0.13109756097560976,0.0,XS__peak,test,R02_R03,14,14,0.050724637681159424,0,14,14,0.0,1.0,3,24,276,0.07067323481116586,0.14219604543542283,0.15636363636363637,0.0,0.0908065124784258,0.0908065124784258,M0_FIFO_OFFICIAL,0.0,easy,True
GO_XS_PEAK_03,169.20833333333334,251.95,22.375,49.0,697.0,0.0,0.8334720670000024,24,heuristic_online_replay,M2_PERIODIC_30,XS,peak,3,107.33333333333333,197.04999999999998,656.0,0.0,0.5764751552795032,0.2786094899771632,0.0625,0.0,XS__peak,test,R02_R03,15,15,0.05434782608695652,0,15,15,0.0,1.0833333333333333,3,24,276,0.07211822660098523,0.12494741270509048,0.07454545454545454,0.0,0.07487187332853415,0.07487187332853415,M0_FIFO_OFFICIAL,0.0,easy,True
GO_XS_PEAK_03,149.5,228.69999999999996,24.958333333333332,77.85,671.0,0.0,1.1854349720006212,36,heuristic_online_replay,M3_EVENT_REACTIVE,XS,peak,3,107.33333333333333,197.04999999999998,656.0,0.0,0.3928571428571429,0.16061913219994914,0.022865853658536585,0.0,XS__peak,test,R02_R03,6,6,0.021739130434782608,0,6,6,0.0,0.4166666666666667,2,24,276,0.041576354679802925,0.08514934791754314,0.02727272727272727,0.0,0.04408760567620619,0.04408760567620619,M0_FIFO_OFFICIAL,0.0,easy,True
GO_XS_PEAK_03,125.0,198.49999999999997,22.208333333333332,77.85,671.0,0.0,1.1428027370002383,36,heuristic_online_replay,M5_ATC_EVENT,XS,peak,3,107.33333333333333,197.04999999999998,656.0,0.0,0.16459627329192553,0.007358538442019735,0.022865853658536585,0.0,XS__peak,test,R02_R03,7,7,0.025362318840579712,0,7,7,0.0,0.5,2,24,276,0.0019047619047618898,0.03567522086663863,0.02727272727272727,0.0,0.013866857164711598,0.013866857164711598,M0_FIFO_OFFICIAL,0.0,easy,True
GO_XS_PEAK_03,149.5,228.69999999999996,24.958333333333332,77.85,671.0,0.0,1.1937903699999879,36,heuristic_online_replay,M6_FIFO_PRIORITY_EVENT,XS,peak,3,107.33333333333333,197.04999999999998,656.0,0.0,0.3928571428571429,0.16061913219994914,0.022865853658536585,0.0,XS__peak,test,R02_R03,6,6,0.021739130434782608,0,6,6,0.0,0.4166666666666667,2,24,276,0.041576354679802925,0.08514934791754314,0.02727272727272727,0.0,0.04408760567620619,0.04408760567620619,M0_FIFO_OFFICIAL,0.0,easy,True
GO_XS_PEAK_03,147.29166666666666,218.54999999999998,87.83333333333333,153.85,720.0,0.0,3.8861892579989217,23,m5_seeded_local_search,M7_REPAIR_LS,XS,peak,3,107.33333333333333,197.04999999999998,656.0,0.0,0.37228260869565216,0.10910936310581072,0.0975609756097561,0.0,XS__peak,test,R02_R03,6,6,0.021739130434782608,0,6,6,0.0,0.5,2,24,276,0.028243021346469624,0.08068994530921329,0.11636363636363636,0.0,0.05033639138776011,0.05033639138776011,M0_FIFO_OFFICIAL,0.0,easy,True
